CONNECT jam_user/jam_pass@FREEPDB1;
ALTER SESSION SET CURRENT_SCHEMA = jam_user;
--------------------------------------------------------
--  DDL for Sequence SEQ_APPLICATION
--------------------------------------------------------

   CREATE SEQUENCE  "SEQ_APPLICATION"  MINVALUE 1 MAXVALUE 9999999999999999999999999999 INCREMENT BY 1 START WITH 3 NOCACHE  NOORDER  NOCYCLE  NOKEEP  NOSCALE  GLOBAL ;
--------------------------------------------------------
--  DDL for Sequence SEQ_CHAT_MESSAGE
--------------------------------------------------------

   CREATE SEQUENCE  "SEQ_CHAT_MESSAGE"  MINVALUE 1 MAXVALUE 9999999999999999999999999999 INCREMENT BY 1 START WITH 41 NOCACHE  NOORDER  NOCYCLE  NOKEEP  NOSCALE  GLOBAL ;
--------------------------------------------------------
--  DDL for Sequence SEQ_CHAT_ROOM
--------------------------------------------------------

   CREATE SEQUENCE  "SEQ_CHAT_ROOM"  MINVALUE 1 MAXVALUE 9999999999999999999999999999 INCREMENT BY 1 START WITH 8 NOCACHE  NOORDER  NOCYCLE  NOKEEP  NOSCALE  GLOBAL ;
--------------------------------------------------------
--  DDL for Sequence SEQ_COMMUNITY
--------------------------------------------------------

   CREATE SEQUENCE  "SEQ_COMMUNITY"  MINVALUE 1 MAXVALUE 9999999999999999999999999999 INCREMENT BY 1 START WITH 19 NOCACHE  NOORDER  NOCYCLE  NOKEEP  NOSCALE  GLOBAL ;
--------------------------------------------------------
--  DDL for Sequence SEQ_COM_COMMENT
--------------------------------------------------------

   CREATE SEQUENCE  "SEQ_COM_COMMENT"  MINVALUE 1 MAXVALUE 9999999999999999999999999999 INCREMENT BY 1 START WITH 31 NOCACHE  NOORDER  NOCYCLE  NOKEEP  NOSCALE  GLOBAL ;
--------------------------------------------------------
--  DDL for Sequence SEQ_FAVORITE
--------------------------------------------------------

   CREATE SEQUENCE  "SEQ_FAVORITE"  MINVALUE 1 MAXVALUE 9999999999999999999999999999 INCREMENT BY 1 START WITH 20 NOCACHE  NOORDER  NOCYCLE  NOKEEP  NOSCALE  GLOBAL ;
--------------------------------------------------------
--  DDL for Sequence SEQ_FILE_ASSET
--------------------------------------------------------

   CREATE SEQUENCE  "SEQ_FILE_ASSET"  MINVALUE 1 MAXVALUE 9999999999999999999999999999 INCREMENT BY 1 START WITH 4 NOCACHE  NOORDER  NOCYCLE  NOKEEP  NOSCALE  GLOBAL ;
--------------------------------------------------------
--  DDL for Sequence SEQ_FLEAMARKET
--------------------------------------------------------

   CREATE SEQUENCE  "SEQ_FLEAMARKET"  MINVALUE 1 MAXVALUE 9999999999999999999999999999 INCREMENT BY 1 START WITH 48 NOCACHE  NOORDER  NOCYCLE  NOKEEP  NOSCALE  GLOBAL ;
--------------------------------------------------------
--  DDL for Sequence SEQ_IMAGE_FILE
--------------------------------------------------------

   CREATE SEQUENCE  "SEQ_IMAGE_FILE"  MINVALUE 1 MAXVALUE 9999999999999999999999999999 INCREMENT BY 1 START WITH 70 NOCACHE  NOORDER  NOCYCLE  NOKEEP  NOSCALE  GLOBAL ;
--------------------------------------------------------
--  DDL for Sequence SEQ_JOB
--------------------------------------------------------

   CREATE SEQUENCE  "SEQ_JOB"  MINVALUE 1 MAXVALUE 9999999999999999999999999999 INCREMENT BY 1 START WITH 7 NOCACHE  NOORDER  NOCYCLE  NOKEEP  NOSCALE  GLOBAL ;
--------------------------------------------------------
--  DDL for Table APPLICATION
--------------------------------------------------------

  CREATE TABLE "APPLICATION" 
   (	"APPLICATION_ID" NUMBER, 
	"USER_ID" VARCHAR2(50 BYTE), 
	"POST_ID" NUMBER(20,0), 
	"TITLE" VARCHAR2(200 BYTE), 
	"CONTENT" CLOB, 
	"CREATED_AT" TIMESTAMP (6) DEFAULT SYSTIMESTAMP, 
	"COMPANY_USER_ID" VARCHAR2(50 BYTE)
   ) SEGMENT CREATION IMMEDIATE 
  PCTFREE 10 PCTUSED 40 INITRANS 1 MAXTRANS 255 
 NOCOMPRESS LOGGING
  STORAGE(INITIAL 65536 NEXT 1048576 MINEXTENTS 1 MAXEXTENTS 2147483645
  PCTINCREASE 0 FREELISTS 1 FREELIST GROUPS 1
  BUFFER_POOL DEFAULT FLASH_CACHE DEFAULT CELL_FLASH_CACHE DEFAULT)
  TABLESPACE "USERS" 
 LOB ("CONTENT") STORE AS SECUREFILE (
  TABLESPACE "USERS" ENABLE STORAGE IN ROW 4000 CHUNK 8192
  NOCACHE LOGGING  NOCOMPRESS  KEEP_DUPLICATES 
  STORAGE(INITIAL 262144 NEXT 1048576 MINEXTENTS 1 MAXEXTENTS 2147483645
  PCTINCREASE 0
  BUFFER_POOL DEFAULT FLASH_CACHE DEFAULT CELL_FLASH_CACHE DEFAULT)) ;
--------------------------------------------------------
--  DDL for Table CHAT_MESSAGE
--------------------------------------------------------

  CREATE TABLE "CHAT_MESSAGE" 
   (	"MESSAGE_ID" NUMBER, 
	"ROOM_ID" NUMBER, 
	"SENDER_ID" VARCHAR2(50 BYTE), 
	"MESSAGE" CLOB, 
	"SENT_AT" TIMESTAMP (6) DEFAULT SYSTIMESTAMP
   ) SEGMENT CREATION IMMEDIATE 
  PCTFREE 10 PCTUSED 40 INITRANS 1 MAXTRANS 255 
 NOCOMPRESS LOGGING
  STORAGE(INITIAL 65536 NEXT 1048576 MINEXTENTS 1 MAXEXTENTS 2147483645
  PCTINCREASE 0 FREELISTS 1 FREELIST GROUPS 1
  BUFFER_POOL DEFAULT FLASH_CACHE DEFAULT CELL_FLASH_CACHE DEFAULT)
  TABLESPACE "USERS" 
 LOB ("MESSAGE") STORE AS SECUREFILE (
  TABLESPACE "USERS" ENABLE STORAGE IN ROW 4000 CHUNK 8192
  NOCACHE LOGGING  NOCOMPRESS  KEEP_DUPLICATES 
  STORAGE(INITIAL 262144 NEXT 1048576 MINEXTENTS 1 MAXEXTENTS 2147483645
  PCTINCREASE 0
  BUFFER_POOL DEFAULT FLASH_CACHE DEFAULT CELL_FLASH_CACHE DEFAULT)) ;
--------------------------------------------------------
--  DDL for Table CHAT_ROOM
--------------------------------------------------------

  CREATE TABLE "CHAT_ROOM" 
   (	"ROOM_ID" NUMBER, 
	"USER_PAIR_KEY" VARCHAR2(101 BYTE), 
	"CREATED_AT" TIMESTAMP (6) DEFAULT SYSTIMESTAMP
   ) SEGMENT CREATION IMMEDIATE 
  PCTFREE 10 PCTUSED 40 INITRANS 1 MAXTRANS 255 
 NOCOMPRESS LOGGING
  STORAGE(INITIAL 65536 NEXT 1048576 MINEXTENTS 1 MAXEXTENTS 2147483645
  PCTINCREASE 0 FREELISTS 1 FREELIST GROUPS 1
  BUFFER_POOL DEFAULT FLASH_CACHE DEFAULT CELL_FLASH_CACHE DEFAULT)
  TABLESPACE "USERS" ;
--------------------------------------------------------
--  DDL for Table CHAT_ROOM_USER
--------------------------------------------------------

  CREATE TABLE "CHAT_ROOM_USER" 
   (	"ROOM_ID" NUMBER, 
	"USER_ID" VARCHAR2(50 BYTE), 
	"JOINED_AT" TIMESTAMP (6) DEFAULT SYSTIMESTAMP, 
	"LAST_READ_MESSAGE_ID" NUMBER
   ) SEGMENT CREATION IMMEDIATE 
  PCTFREE 10 PCTUSED 40 INITRANS 1 MAXTRANS 255 
 NOCOMPRESS LOGGING
  STORAGE(INITIAL 65536 NEXT 1048576 MINEXTENTS 1 MAXEXTENTS 2147483645
  PCTINCREASE 0 FREELISTS 1 FREELIST GROUPS 1
  BUFFER_POOL DEFAULT FLASH_CACHE DEFAULT CELL_FLASH_CACHE DEFAULT)
  TABLESPACE "USERS" ;
--------------------------------------------------------
--  DDL for Table COMMUNITY
--------------------------------------------------------

  CREATE TABLE "COMMUNITY" 
   (	"POST_ID" NUMBER(20,0), 
	"TITLE" VARCHAR2(100 BYTE), 
	"CONTENT" CLOB, 
	"VIEW_COUNT" NUMBER(10,0) DEFAULT 0, 
	"COMMENT_COUNT" NUMBER(10,0) DEFAULT 0, 
	"CREATED_AT" TIMESTAMP (6) DEFAULT SYSTIMESTAMP, 
	"USER_ID" VARCHAR2(50 BYTE)
   ) SEGMENT CREATION IMMEDIATE 
  PCTFREE 10 PCTUSED 40 INITRANS 1 MAXTRANS 255 
 NOCOMPRESS LOGGING
  STORAGE(INITIAL 65536 NEXT 1048576 MINEXTENTS 1 MAXEXTENTS 2147483645
  PCTINCREASE 0 FREELISTS 1 FREELIST GROUPS 1
  BUFFER_POOL DEFAULT FLASH_CACHE DEFAULT CELL_FLASH_CACHE DEFAULT)
  TABLESPACE "USERS" 
 LOB ("CONTENT") STORE AS SECUREFILE (
  TABLESPACE "USERS" ENABLE STORAGE IN ROW 4000 CHUNK 8192
  NOCACHE LOGGING  NOCOMPRESS  KEEP_DUPLICATES 
  STORAGE(INITIAL 262144 NEXT 1048576 MINEXTENTS 1 MAXEXTENTS 2147483645
  PCTINCREASE 0
  BUFFER_POOL DEFAULT FLASH_CACHE DEFAULT CELL_FLASH_CACHE DEFAULT)) ;
--------------------------------------------------------
--  DDL for Table COM_COMMENT
--------------------------------------------------------

  CREATE TABLE "COM_COMMENT" 
   (	"COMMENT_ID" NUMBER(20,0), 
	"POST_ID" NUMBER(20,0), 
	"CONTENT" CLOB, 
	"CREATED_AT" TIMESTAMP (6) DEFAULT SYSTIMESTAMP, 
	"USER_ID" VARCHAR2(50 BYTE)
   ) SEGMENT CREATION IMMEDIATE 
  PCTFREE 10 PCTUSED 40 INITRANS 1 MAXTRANS 255 
 NOCOMPRESS LOGGING
  STORAGE(INITIAL 65536 NEXT 1048576 MINEXTENTS 1 MAXEXTENTS 2147483645
  PCTINCREASE 0 FREELISTS 1 FREELIST GROUPS 1
  BUFFER_POOL DEFAULT FLASH_CACHE DEFAULT CELL_FLASH_CACHE DEFAULT)
  TABLESPACE "USERS" 
 LOB ("CONTENT") STORE AS SECUREFILE (
  TABLESPACE "USERS" ENABLE STORAGE IN ROW 4000 CHUNK 8192
  NOCACHE LOGGING  NOCOMPRESS  KEEP_DUPLICATES 
  STORAGE(INITIAL 262144 NEXT 1048576 MINEXTENTS 1 MAXEXTENTS 2147483645
  PCTINCREASE 0
  BUFFER_POOL DEFAULT FLASH_CACHE DEFAULT CELL_FLASH_CACHE DEFAULT)) ;
--------------------------------------------------------
--  DDL for Table FAVORITE
--------------------------------------------------------

  CREATE TABLE "FAVORITE" 
   (	"FAVORITE_ID" NUMBER, 
	"USER_ID" VARCHAR2(50 BYTE), 
	"POST_ID" NUMBER, 
	"BOARD_TYPE" VARCHAR2(20 BYTE), 
	"CREATED_AT" TIMESTAMP (6) DEFAULT SYSTIMESTAMP
   ) SEGMENT CREATION IMMEDIATE 
  PCTFREE 10 PCTUSED 40 INITRANS 1 MAXTRANS 255 
 NOCOMPRESS LOGGING
  STORAGE(INITIAL 65536 NEXT 1048576 MINEXTENTS 1 MAXEXTENTS 2147483645
  PCTINCREASE 0 FREELISTS 1 FREELIST GROUPS 1
  BUFFER_POOL DEFAULT FLASH_CACHE DEFAULT CELL_FLASH_CACHE DEFAULT)
  TABLESPACE "USERS" ;
--------------------------------------------------------
--  DDL for Table FILE_ASSET
--------------------------------------------------------

  CREATE TABLE "FILE_ASSET" 
   (	"FILE_ID" NUMBER, 
	"POST_ID" NUMBER(20,0), 
	"POST_TYPE" VARCHAR2(20 BYTE), 
	"FILE_KEY" VARCHAR2(500 BYTE), 
	"FILE_NAME" VARCHAR2(255 BYTE), 
	"FILE_TYPE" VARCHAR2(100 BYTE), 
	"FILE_SIZE" NUMBER, 
	"CREATED_AT" TIMESTAMP (6) DEFAULT SYSTIMESTAMP
   ) SEGMENT CREATION IMMEDIATE 
  PCTFREE 10 PCTUSED 40 INITRANS 1 MAXTRANS 255 
 NOCOMPRESS LOGGING
  STORAGE(INITIAL 65536 NEXT 1048576 MINEXTENTS 1 MAXEXTENTS 2147483645
  PCTINCREASE 0 FREELISTS 1 FREELIST GROUPS 1
  BUFFER_POOL DEFAULT FLASH_CACHE DEFAULT CELL_FLASH_CACHE DEFAULT)
  TABLESPACE "USERS" ;
--------------------------------------------------------
--  DDL for Table FLEAMARKET
--------------------------------------------------------

  CREATE TABLE "FLEAMARKET" 
   (	"POST_ID" NUMBER(20,0), 
	"TITLE" VARCHAR2(100 BYTE), 
	"CONTENT" CLOB, 
	"CATEGORY_ID" NUMBER, 
	"SALES_STATUS" NUMBER(2,0) DEFAULT 0, 
	"VIEW_COUNT" NUMBER(10,0) DEFAULT 0, 
	"COMMENT_COUNT" NUMBER(10,0) DEFAULT 0, 
	"CREATED_AT" TIMESTAMP (6) DEFAULT SYSTIMESTAMP, 
	"PRICE" NUMBER(10,0), 
	"USER_ID" VARCHAR2(50 BYTE), 
	"THUMBNAIL" VARCHAR2(255 BYTE)
   ) SEGMENT CREATION IMMEDIATE 
  PCTFREE 10 PCTUSED 40 INITRANS 1 MAXTRANS 255 
 NOCOMPRESS LOGGING
  STORAGE(INITIAL 65536 NEXT 1048576 MINEXTENTS 1 MAXEXTENTS 2147483645
  PCTINCREASE 0 FREELISTS 1 FREELIST GROUPS 1
  BUFFER_POOL DEFAULT FLASH_CACHE DEFAULT CELL_FLASH_CACHE DEFAULT)
  TABLESPACE "USERS" 
 LOB ("CONTENT") STORE AS SECUREFILE (
  TABLESPACE "USERS" ENABLE STORAGE IN ROW 4000 CHUNK 8192
  NOCACHE LOGGING  NOCOMPRESS  KEEP_DUPLICATES 
  STORAGE(INITIAL 262144 NEXT 1048576 MINEXTENTS 1 MAXEXTENTS 2147483645
  PCTINCREASE 0
  BUFFER_POOL DEFAULT FLASH_CACHE DEFAULT CELL_FLASH_CACHE DEFAULT)) ;
--------------------------------------------------------
--  DDL for Table FLEA_CATEGORY
--------------------------------------------------------

  CREATE TABLE "FLEA_CATEGORY" 
   (	"CATEGORY_ID" NUMBER, 
	"CATEGORY_NAME" VARCHAR2(100 CHAR), 
	"PARENT_ID" NUMBER
   ) SEGMENT CREATION IMMEDIATE 
  PCTFREE 10 PCTUSED 40 INITRANS 1 MAXTRANS 255 
 NOCOMPRESS LOGGING
  STORAGE(INITIAL 65536 NEXT 1048576 MINEXTENTS 1 MAXEXTENTS 2147483645
  PCTINCREASE 0 FREELISTS 1 FREELIST GROUPS 1
  BUFFER_POOL DEFAULT FLASH_CACHE DEFAULT CELL_FLASH_CACHE DEFAULT)
  TABLESPACE "USERS" ;
--------------------------------------------------------
--  DDL for Table IMAGE_FILE
--------------------------------------------------------

  CREATE TABLE "IMAGE_FILE" 
   (	"IMAGE_ID" NUMBER(10,0), 
	"IMAGE_NAME" VARCHAR2(255 BYTE), 
	"CREATED_AT" TIMESTAMP (6) DEFAULT SYSTIMESTAMP, 
	"POST_ID" NUMBER(20,0), 
	"POST_TYPE" VARCHAR2(20 BYTE)
   ) SEGMENT CREATION IMMEDIATE 
  PCTFREE 10 PCTUSED 40 INITRANS 1 MAXTRANS 255 
 NOCOMPRESS LOGGING
  STORAGE(INITIAL 65536 NEXT 1048576 MINEXTENTS 1 MAXEXTENTS 2147483645
  PCTINCREASE 0 FREELISTS 1 FREELIST GROUPS 1
  BUFFER_POOL DEFAULT FLASH_CACHE DEFAULT CELL_FLASH_CACHE DEFAULT)
  TABLESPACE "USERS" ;
--------------------------------------------------------
--  DDL for Table JOB
--------------------------------------------------------

  CREATE TABLE "JOB" 
   (	"POST_ID" NUMBER(20,0), 
	"TITLE" VARCHAR2(100 BYTE), 
	"CONTENT" CLOB, 
	"CATEGORY" NUMBER(1,0), 
	"STATUS" NUMBER(1,0) DEFAULT 0, 
	"VIEW_COUNT" NUMBER(10,0) DEFAULT 0, 
	"CREATED_AT" TIMESTAMP (6) DEFAULT SYSTIMESTAMP, 
	"PAY_CATEGORY" NUMBER(1,0), 
	"PAY" NUMBER(10,0), 
	"USER_ID" VARCHAR2(50 BYTE), 
	"CITY" VARCHAR2(50 BYTE), 
	"GU" VARCHAR2(50 BYTE), 
	"DONG" VARCHAR2(50 BYTE), 
	"POSITION" VARCHAR2(20 BYTE)
   ) SEGMENT CREATION IMMEDIATE 
  PCTFREE 10 PCTUSED 40 INITRANS 1 MAXTRANS 255 
 NOCOMPRESS LOGGING
  STORAGE(INITIAL 65536 NEXT 1048576 MINEXTENTS 1 MAXEXTENTS 2147483645
  PCTINCREASE 0 FREELISTS 1 FREELIST GROUPS 1
  BUFFER_POOL DEFAULT FLASH_CACHE DEFAULT CELL_FLASH_CACHE DEFAULT)
  TABLESPACE "USERS" 
 LOB ("CONTENT") STORE AS SECUREFILE (
  TABLESPACE "USERS" ENABLE STORAGE IN ROW 4000 CHUNK 8192
  NOCACHE LOGGING  NOCOMPRESS  KEEP_DUPLICATES 
  STORAGE(INITIAL 262144 NEXT 1048576 MINEXTENTS 1 MAXEXTENTS 2147483645
  PCTINCREASE 0
  BUFFER_POOL DEFAULT FLASH_CACHE DEFAULT CELL_FLASH_CACHE DEFAULT)) ;
--------------------------------------------------------
--  DDL for Table MEMBER
--------------------------------------------------------

  CREATE TABLE "MEMBER" 
   (	"USER_ID" VARCHAR2(50 BYTE), 
	"USER_PW" VARCHAR2(100 BYTE), 
	"USER_NAME" VARCHAR2(25 CHAR), 
	"ADDRESS" VARCHAR2(100 BYTE), 
	"PHONE" VARCHAR2(15 BYTE), 
	"EMAIL" VARCHAR2(50 BYTE), 
	"REFRESHTOKEN" VARCHAR2(255 BYTE), 
	"SOCIAL_LOGIN" NUMBER, 
	"COMPANY_NAME" VARCHAR2(100 CHAR), 
	"DELETED_AT" TIMESTAMP (6)
   ) SEGMENT CREATION IMMEDIATE 
  PCTFREE 10 PCTUSED 40 INITRANS 1 MAXTRANS 255 
 NOCOMPRESS LOGGING
  STORAGE(INITIAL 65536 NEXT 1048576 MINEXTENTS 1 MAXEXTENTS 2147483645
  PCTINCREASE 0 FREELISTS 1 FREELIST GROUPS 1
  BUFFER_POOL DEFAULT FLASH_CACHE DEFAULT CELL_FLASH_CACHE DEFAULT)
  TABLESPACE "USERS" ;
--------------------------------------------------------
--  DDL for Table MEMBER_ROLE
--------------------------------------------------------

  CREATE TABLE "MEMBER_ROLE" 
   (	"USER_ID" VARCHAR2(50 BYTE), 
	"ROLE_CODE" VARCHAR2(30 CHAR)
   ) SEGMENT CREATION IMMEDIATE 
  PCTFREE 10 PCTUSED 40 INITRANS 1 MAXTRANS 255 
 NOCOMPRESS LOGGING
  STORAGE(INITIAL 65536 NEXT 1048576 MINEXTENTS 1 MAXEXTENTS 2147483645
  PCTINCREASE 0 FREELISTS 1 FREELIST GROUPS 1
  BUFFER_POOL DEFAULT FLASH_CACHE DEFAULT CELL_FLASH_CACHE DEFAULT)
  TABLESPACE "USERS" ;
--------------------------------------------------------
--  DDL for Table ROLE
--------------------------------------------------------

  CREATE TABLE "ROLE" 
   (	"ROLE_CODE" VARCHAR2(30 CHAR), 
	"DISPLAY_NAME" VARCHAR2(100 CHAR)
   ) SEGMENT CREATION IMMEDIATE 
  PCTFREE 10 PCTUSED 40 INITRANS 1 MAXTRANS 255 
 NOCOMPRESS LOGGING
  STORAGE(INITIAL 65536 NEXT 1048576 MINEXTENTS 1 MAXEXTENTS 2147483645
  PCTINCREASE 0 FREELISTS 1 FREELIST GROUPS 1
  BUFFER_POOL DEFAULT FLASH_CACHE DEFAULT CELL_FLASH_CACHE DEFAULT)
  TABLESPACE "USERS" ;
REM INSERTING into APPLICATION
SET DEFINE OFF;
Insert into APPLICATION (APPLICATION_ID,USER_ID,POST_ID,TITLE,CREATED_AT,COMPANY_USER_ID) values (2,'member123',5,'안녕하세요, 트랙 메이커/프로듀서 포지션에 지원드리는 이진리 입니다.',to_timestamp('26/03/28 02:20:03.000000000','RR/MM/DD HH24:MI:SSXFF'),'aaaa1234');
REM INSERTING into CHAT_MESSAGE
SET DEFINE OFF;
Insert into CHAT_MESSAGE (MESSAGE_ID,ROOM_ID,SENDER_ID,SENT_AT,MESSAGE) values (39,6,'company1',to_timestamp('26/03/23 06:08:08.519637000','RR/MM/DD HH24:MI:SSXFF'),'안녕');
Insert into CHAT_MESSAGE (MESSAGE_ID,ROOM_ID,SENDER_ID,SENT_AT,MESSAGE) values (40,6,'member123',to_timestamp('26/03/23 06:08:17.539026000','RR/MM/DD HH24:MI:SSXFF'),'안녕');
REM INSERTING into CHAT_ROOM
SET DEFINE OFF;
Insert into CHAT_ROOM (ROOM_ID,USER_PAIR_KEY,CREATED_AT) values (7,'member123:qqqq1234',to_timestamp('26/03/28 01:55:28.942866000','RR/MM/DD HH24:MI:SSXFF'));
Insert into CHAT_ROOM (ROOM_ID,USER_PAIR_KEY,CREATED_AT) values (6,'company1:member123',to_timestamp('26/03/23 06:08:06.077384000','RR/MM/DD HH24:MI:SSXFF'));
REM INSERTING into CHAT_ROOM_USER
SET DEFINE OFF;
Insert into CHAT_ROOM_USER (ROOM_ID,USER_ID,JOINED_AT,LAST_READ_MESSAGE_ID) values (7,'member123',to_timestamp('26/03/28 01:55:28.951192000','RR/MM/DD HH24:MI:SSXFF'),null);
Insert into CHAT_ROOM_USER (ROOM_ID,USER_ID,JOINED_AT,LAST_READ_MESSAGE_ID) values (7,'qqqq1234',to_timestamp('26/03/28 01:55:28.956445000','RR/MM/DD HH24:MI:SSXFF'),null);
Insert into CHAT_ROOM_USER (ROOM_ID,USER_ID,JOINED_AT,LAST_READ_MESSAGE_ID) values (6,'company1',to_timestamp('26/03/23 06:08:06.080245000','RR/MM/DD HH24:MI:SSXFF'),null);
Insert into CHAT_ROOM_USER (ROOM_ID,USER_ID,JOINED_AT,LAST_READ_MESSAGE_ID) values (6,'member123',to_timestamp('26/03/23 06:08:06.084247000','RR/MM/DD HH24:MI:SSXFF'),null);
REM INSERTING into COMMUNITY
SET DEFINE OFF;
Insert into COMMUNITY (POST_ID,TITLE,VIEW_COUNT,COMMENT_COUNT,CREATED_AT,USER_ID) values (10,'이어폰 10만원대에서 음질 괜찮은 거 있나요',7,3,to_timestamp('26/03/17 23:10:09.000000000','RR/MM/DD HH24:MI:SSXFF'),'aaaa1234');
Insert into COMMUNITY (POST_ID,TITLE,VIEW_COUNT,COMMENT_COUNT,CREATED_AT,USER_ID) values (11,'처음 LP 입문하려는데 턴테이블 추천 부탁드립니다',14,2,to_timestamp('26/03/17 23:12:55.000000000','RR/MM/DD HH24:MI:SSXFF'),'abcd1234');
Insert into COMMUNITY (POST_ID,TITLE,VIEW_COUNT,COMMENT_COUNT,CREATED_AT,USER_ID) values (15,'요즘 DAW 뭐 많이 쓰시나요?',2,1,to_timestamp('26/03/18 16:24:55.577074000','RR/MM/DD HH24:MI:SSXFF'),'ffff1234');
Insert into COMMUNITY (POST_ID,TITLE,VIEW_COUNT,COMMENT_COUNT,CREATED_AT,USER_ID) values (2,'저음이 뭉개질 때 해결하는 EQ 정리 팁',23,6,to_timestamp('26/03/17 07:25:34.120183000','RR/MM/DD HH24:MI:SSXFF'),'member123');
Insert into COMMUNITY (POST_ID,TITLE,VIEW_COUNT,COMMENT_COUNT,CREATED_AT,USER_ID) values (9,'처음 라이브 공연하는데 도와주세요!',11,4,to_timestamp('26/03/18 16:21:34.000000000','RR/MM/DD HH24:MI:SSXFF'),'rrrr1234');
Insert into COMMUNITY (POST_ID,TITLE,VIEW_COUNT,COMMENT_COUNT,CREATED_AT,USER_ID) values (14,'믹싱할 때 보컬이 묻히는 느낌 해결하는 방법',8,3,to_timestamp('26/03/18 16:22:26.709172000','RR/MM/DD HH24:MI:SSXFF'),'eeee1234');
Insert into COMMUNITY (POST_ID,TITLE,VIEW_COUNT,COMMENT_COUNT,CREATED_AT,USER_ID) values (18,'[장비/꿀팁] 홈레코딩 퀄리티를 바꾸는 3가지 ''한 끗'' 차이',4,0,to_timestamp('26/03/18 20:09:13.120729000','RR/MM/DD HH24:MI:SSXFF'),'ssss1234');
Insert into COMMUNITY (POST_ID,TITLE,VIEW_COUNT,COMMENT_COUNT,CREATED_AT,USER_ID) values (7,'내 취향 명곡 알랴줌',4,0,to_timestamp('26/03/17 22:31:43.377012000','RR/MM/DD HH24:MI:SSXFF'),'rrrr1234');
Insert into COMMUNITY (POST_ID,TITLE,VIEW_COUNT,COMMENT_COUNT,CREATED_AT,USER_ID) values (16,'요즘 자주 듣는 음악 장르 뭐 있으세요',3,2,to_timestamp('26/03/18 19:43:10.794772000','RR/MM/DD HH24:MI:SSXFF'),'qqqq1234');
Insert into COMMUNITY (POST_ID,TITLE,VIEW_COUNT,COMMENT_COUNT,CREATED_AT,USER_ID) values (17,'[이론/작곡] ''코드 진행''이 막힐 때 써먹는 마법의 치트키',6,1,to_timestamp('26/03/18 20:03:25.000000000','RR/MM/DD HH24:MI:SSXFF'),'member123');
REM INSERTING into COM_COMMENT
SET DEFINE OFF;
Insert into COM_COMMENT (COMMENT_ID,POST_ID,CREATED_AT,USER_ID) values (24,10,to_timestamp('26/03/18 19:44:42.000000000','RR/MM/DD HH24:MI:SSXFF'),'qqqq1234');
Insert into COM_COMMENT (COMMENT_ID,POST_ID,CREATED_AT,USER_ID) values (27,2,to_timestamp('26/03/18 19:46:24.000000000','RR/MM/DD HH24:MI:SSXFF'),'qqqq1234');
Insert into COM_COMMENT (COMMENT_ID,POST_ID,CREATED_AT,USER_ID) values (13,14,to_timestamp('26/03/18 16:24:22.000000000','RR/MM/DD HH24:MI:SSXFF'),'eeee1234');
Insert into COM_COMMENT (COMMENT_ID,POST_ID,CREATED_AT,USER_ID) values (19,11,to_timestamp('26/03/18 16:27:19.000000000','RR/MM/DD HH24:MI:SSXFF'),'ffff1234');
Insert into COM_COMMENT (COMMENT_ID,POST_ID,CREATED_AT,USER_ID) values (1,2,to_timestamp('26/03/17 07:28:58.000000000','RR/MM/DD HH24:MI:SSXFF'),'aaaa1234');
Insert into COM_COMMENT (COMMENT_ID,POST_ID,CREATED_AT,USER_ID) values (2,2,to_timestamp('26/03/17 07:30:54.000000000','RR/MM/DD HH24:MI:SSXFF'),'abcd1234');
Insert into COM_COMMENT (COMMENT_ID,POST_ID,CREATED_AT,USER_ID) values (8,2,to_timestamp('26/03/17 12:51:03.000000000','RR/MM/DD HH24:MI:SSXFF'),'dddd1234');
Insert into COM_COMMENT (COMMENT_ID,POST_ID,CREATED_AT,USER_ID) values (15,9,to_timestamp('26/03/18 16:25:31.000000000','RR/MM/DD HH24:MI:SSXFF'),'ffff1234');
Insert into COM_COMMENT (COMMENT_ID,POST_ID,CREATED_AT,USER_ID) values (16,14,to_timestamp('26/03/18 16:26:01.000000000','RR/MM/DD HH24:MI:SSXFF'),'ffff1234');
Insert into COM_COMMENT (COMMENT_ID,POST_ID,CREATED_AT,USER_ID) values (30,16,to_timestamp('26/03/18 20:12:27.000000000','RR/MM/DD HH24:MI:SSXFF'),'ssss1234');
Insert into COM_COMMENT (COMMENT_ID,POST_ID,CREATED_AT,USER_ID) values (3,2,to_timestamp('26/03/17 12:34:34.000000000','RR/MM/DD HH24:MI:SSXFF'),'ssss1234');
Insert into COM_COMMENT (COMMENT_ID,POST_ID,CREATED_AT,USER_ID) values (17,2,to_timestamp('26/03/18 16:26:23.000000000','RR/MM/DD HH24:MI:SSXFF'),'ffff1234');
Insert into COM_COMMENT (COMMENT_ID,POST_ID,CREATED_AT,USER_ID) values (20,10,to_timestamp('26/03/18 16:27:53.000000000','RR/MM/DD HH24:MI:SSXFF'),'ffff1234');
Insert into COM_COMMENT (COMMENT_ID,POST_ID,CREATED_AT,USER_ID) values (21,10,to_timestamp('26/03/18 16:28:07.000000000','RR/MM/DD HH24:MI:SSXFF'),'ffff1234');
Insert into COM_COMMENT (COMMENT_ID,POST_ID,CREATED_AT,USER_ID) values (28,16,to_timestamp('26/03/18 19:55:55.000000000','RR/MM/DD HH24:MI:SSXFF'),'member123');
Insert into COM_COMMENT (COMMENT_ID,POST_ID,CREATED_AT,USER_ID) values (12,9,to_timestamp('26/03/18 16:22:00.000000000','RR/MM/DD HH24:MI:SSXFF'),'eeee1234');
Insert into COM_COMMENT (COMMENT_ID,POST_ID,CREATED_AT,USER_ID) values (14,9,to_timestamp('26/03/18 16:25:14.000000000','RR/MM/DD HH24:MI:SSXFF'),'ffff1234');
Insert into COM_COMMENT (COMMENT_ID,POST_ID,CREATED_AT,USER_ID) values (29,17,to_timestamp('26/03/18 20:09:31.000000000','RR/MM/DD HH24:MI:SSXFF'),'ssss1234');
Insert into COM_COMMENT (COMMENT_ID,POST_ID,CREATED_AT,USER_ID) values (25,9,to_timestamp('26/03/18 19:45:05.000000000','RR/MM/DD HH24:MI:SSXFF'),'qqqq1234');
Insert into COM_COMMENT (COMMENT_ID,POST_ID,CREATED_AT,USER_ID) values (22,15,to_timestamp('26/03/18 19:43:37.000000000','RR/MM/DD HH24:MI:SSXFF'),'qqqq1234');
Insert into COM_COMMENT (COMMENT_ID,POST_ID,CREATED_AT,USER_ID) values (23,14,to_timestamp('26/03/18 19:44:15.000000000','RR/MM/DD HH24:MI:SSXFF'),'qqqq1234');
Insert into COM_COMMENT (COMMENT_ID,POST_ID,CREATED_AT,USER_ID) values (26,11,to_timestamp('26/03/18 19:45:37.000000000','RR/MM/DD HH24:MI:SSXFF'),'qqqq1234');
REM INSERTING into FAVORITE
SET DEFINE OFF;
Insert into FAVORITE (FAVORITE_ID,USER_ID,POST_ID,BOARD_TYPE,CREATED_AT) values (12,'member123',47,'FLEA',to_timestamp('26/03/28 01:07:22.520031000','RR/MM/DD HH24:MI:SSXFF'));
Insert into FAVORITE (FAVORITE_ID,USER_ID,POST_ID,BOARD_TYPE,CREATED_AT) values (19,'member123',5,'JOB',to_timestamp('26/03/28 02:16:31.980233000','RR/MM/DD HH24:MI:SSXFF'));
Insert into FAVORITE (FAVORITE_ID,USER_ID,POST_ID,BOARD_TYPE,CREATED_AT) values (5,'abcd1234',1,'FLEA',to_timestamp('26/01/18 17:22:05.753788000','RR/MM/DD HH24:MI:SSXFF'));
Insert into FAVORITE (FAVORITE_ID,USER_ID,POST_ID,BOARD_TYPE,CREATED_AT) values (6,'abcd1234',1,'COM',to_timestamp('26/01/18 21:25:23.667775000','RR/MM/DD HH24:MI:SSXFF'));
Insert into FAVORITE (FAVORITE_ID,USER_ID,POST_ID,BOARD_TYPE,CREATED_AT) values (7,'member123',1,'FLEA',to_timestamp('26/03/18 19:54:17.012930000','RR/MM/DD HH24:MI:SSXFF'));
Insert into FAVORITE (FAVORITE_ID,USER_ID,POST_ID,BOARD_TYPE,CREATED_AT) values (8,'member123',5,'FLEA',to_timestamp('26/03/18 19:54:18.305695000','RR/MM/DD HH24:MI:SSXFF'));
Insert into FAVORITE (FAVORITE_ID,USER_ID,POST_ID,BOARD_TYPE,CREATED_AT) values (10,'member123',3,'FLEA',to_timestamp('26/03/18 19:56:26.653939000','RR/MM/DD HH24:MI:SSXFF'));
Insert into FAVORITE (FAVORITE_ID,USER_ID,POST_ID,BOARD_TYPE,CREATED_AT) values (11,'member123',6,'FLEA',to_timestamp('26/03/18 19:56:29.964486000','RR/MM/DD HH24:MI:SSXFF'));
Insert into FAVORITE (FAVORITE_ID,USER_ID,POST_ID,BOARD_TYPE,CREATED_AT) values (13,'member123',37,'FLEA',to_timestamp('26/03/28 01:07:25.072524000','RR/MM/DD HH24:MI:SSXFF'));
Insert into FAVORITE (FAVORITE_ID,USER_ID,POST_ID,BOARD_TYPE,CREATED_AT) values (14,'member123',31,'FLEA',to_timestamp('26/03/28 01:07:26.453088000','RR/MM/DD HH24:MI:SSXFF'));
Insert into FAVORITE (FAVORITE_ID,USER_ID,POST_ID,BOARD_TYPE,CREATED_AT) values (15,'member123',27,'FLEA',to_timestamp('26/03/28 01:07:27.387741000','RR/MM/DD HH24:MI:SSXFF'));
Insert into FAVORITE (FAVORITE_ID,USER_ID,POST_ID,BOARD_TYPE,CREATED_AT) values (16,'member123',21,'FLEA',to_timestamp('26/03/28 01:07:30.392842000','RR/MM/DD HH24:MI:SSXFF'));
Insert into FAVORITE (FAVORITE_ID,USER_ID,POST_ID,BOARD_TYPE,CREATED_AT) values (17,'member123',13,'FLEA',to_timestamp('26/03/28 01:07:31.970950000','RR/MM/DD HH24:MI:SSXFF'));
REM INSERTING into FILE_ASSET
SET DEFINE OFF;
Insert into FILE_ASSET (FILE_ID,POST_ID,POST_TYPE,FILE_KEY,FILE_NAME,FILE_TYPE,FILE_SIZE,CREATED_AT) values (1,1,'POST_IMAGE','images/posts/2025-12-14/7fde43dcb0cc44558c2b787c809d4b91/KakaoTalk_20250419_020526472_05.jpg','KakaoTalk_20250419_020526472_05.jpg','image/jpeg',4275362,to_timestamp('25/12/14 21:57:27.000000000','RR/MM/DD HH24:MI:SSXFF'));
Insert into FILE_ASSET (FILE_ID,POST_ID,POST_TYPE,FILE_KEY,FILE_NAME,FILE_TYPE,FILE_SIZE,CREATED_AT) values (3,2,'APPLICATION','applications/2026-03-28/d8da576de6c74dfabed1434031c4a47d/이력서_이진리.docx','이력서_이진리.docx','application/vnd.openxmlformats-officedocument.wordprocessingml.document',11783,to_timestamp('26/03/28 02:20:03.000000000','RR/MM/DD HH24:MI:SSXFF'));
REM INSERTING into FLEAMARKET
SET DEFINE OFF;
Insert into FLEAMARKET (POST_ID,TITLE,CATEGORY_ID,SALES_STATUS,VIEW_COUNT,COMMENT_COUNT,CREATED_AT,PRICE,USER_ID,THUMBNAIL) values (8,'야마하(YAMAHA) 업라이트 피아노 - 연습용/입문용으로 추천',14,0,1,0,to_timestamp('26/03/18 19:47:21.893484000','RR/MM/DD HH24:MI:SSXFF'),200000,'qqqq1234','509a7d6d-715c-4709-8640-ae1826947efb.png');
Insert into FLEAMARKET (POST_ID,TITLE,CATEGORY_ID,SALES_STATUS,VIEW_COUNT,COMMENT_COUNT,CREATED_AT,PRICE,USER_ID,THUMBNAIL) values (22,'펄(Pearl) DR-501 더블 베이스 드럼 페달 — 체인 드라이브',18,0,1,0,to_timestamp('26/03/28 00:37:58.873703000','RR/MM/DD HH24:MI:SSXFF'),130000,'qqqq1234','6b5f77ce-7e52-417b-8f5d-a7b7cebea7f9.png');
Insert into FLEAMARKET (POST_ID,TITLE,CATEGORY_ID,SALES_STATUS,VIEW_COUNT,COMMENT_COUNT,CREATED_AT,PRICE,USER_ID,THUMBNAIL) values (27,'카를 헤프너(Karl Höfner) AS-045 첼로 4/4 — 입문용, 활·케이스 포함',24,0,1,0,to_timestamp('26/03/28 00:43:51.725809000','RR/MM/DD HH24:MI:SSXFF'),480000,'rrrr1234','7918316a-2836-4731-9272-696fa48f85c0.png');
Insert into FLEAMARKET (POST_ID,TITLE,CATEGORY_ID,SALES_STATUS,VIEW_COUNT,COMMENT_COUNT,CREATED_AT,PRICE,USER_ID,THUMBNAIL) values (28,'보스(Boss) TU-3 크로매틱 튜너 페달 — 페달보드 필수템',32,0,1,0,to_timestamp('26/03/28 00:45:22.125566000','RR/MM/DD HH24:MI:SSXFF'),65000,'rrrr1234','6e740d71-38aa-4da2-9b4c-48d0eb0fe4d5.png');
Insert into FLEAMARKET (POST_ID,TITLE,CATEGORY_ID,SALES_STATUS,VIEW_COUNT,COMMENT_COUNT,CREATED_AT,PRICE,USER_ID,THUMBNAIL) values (30,'몬스터 케이블(Monster Cable) 기타 케이블 6m — 노이즈 차단 고급형',31,0,1,0,to_timestamp('26/03/28 00:48:23.789429000','RR/MM/DD HH24:MI:SSXFF'),28000,'rrrr1234','bcbc6fef-f331-4f0d-86c5-eff79aa28fbb.png');
Insert into FLEAMARKET (POST_ID,TITLE,CATEGORY_ID,SALES_STATUS,VIEW_COUNT,COMMENT_COUNT,CREATED_AT,PRICE,USER_ID,THUMBNAIL) values (31,'헤르코(Herco) & 던롭(Dunlop) 기타 픽 혼합 50장 + 스트랩 2개 세트',33,0,1,0,to_timestamp('26/03/28 00:50:03.957394000','RR/MM/DD HH24:MI:SSXFF'),18000,'rrrr1234','871d36a3-834c-4ead-ae8b-efd1cdc493c4.png');
Insert into FLEAMARKET (POST_ID,TITLE,CATEGORY_ID,SALES_STATUS,VIEW_COUNT,COMMENT_COUNT,CREATED_AT,PRICE,USER_ID,THUMBNAIL) values (32,'오르페우스(Orpheus) 우쿨렐레 콘서트 사이즈 — 입문용, 튜너 포함',25,0,1,0,to_timestamp('26/03/28 00:51:20.776570000','RR/MM/DD HH24:MI:SSXFF'),55000,'eeee1234','65aebe8a-9fdf-4242-862c-1a198d37464d.png');
Insert into FLEAMARKET (POST_ID,TITLE,CATEGORY_ID,SALES_STATUS,VIEW_COUNT,COMMENT_COUNT,CREATED_AT,PRICE,USER_ID,THUMBNAIL) values (36,'슈어(Shure) SM58 다이나믹 마이크 — 보컬·공연용 마이크',29,0,1,0,to_timestamp('26/03/28 00:54:05.725905000','RR/MM/DD HH24:MI:SSXFF'),80000,'eeee1234','25525b74-79d7-4ea2-861d-40fb1410c822.png');
Insert into FLEAMARKET (POST_ID,TITLE,CATEGORY_ID,SALES_STATUS,VIEW_COUNT,COMMENT_COUNT,CREATED_AT,PRICE,USER_ID,THUMBNAIL) values (34,'롤랜드(Roland) FP-90X 디지털 피아노 — 최상위 해머 액션 건반',12,0,1,0,to_timestamp('26/03/28 00:52:03.084952000','RR/MM/DD HH24:MI:SSXFF'),1400000,'eeee1234','bacab6e1-a427-490b-9c25-ca0f1a86df08.png');
Insert into FLEAMARKET (POST_ID,TITLE,CATEGORY_ID,SALES_STATUS,VIEW_COUNT,COMMENT_COUNT,CREATED_AT,PRICE,USER_ID,THUMBNAIL) values (35,'야마하(Yamaha) V7SG 바이올린 4/4 — 솔리드 스프루스 탑, 케이스·활 포함',23,0,1,0,to_timestamp('26/03/28 00:53:04.398254000','RR/MM/DD HH24:MI:SSXFF'),220000,'eeee1234','49da321f-dae7-45c7-82ec-11b3d5173391.png');
Insert into FLEAMARKET (POST_ID,TITLE,CATEGORY_ID,SALES_STATUS,VIEW_COUNT,COMMENT_COUNT,CREATED_AT,PRICE,USER_ID,THUMBNAIL) values (37,'뮤직맨(Music Man) StingRay4 베이스',10,0,1,0,to_timestamp('26/03/28 00:55:12.735320000','RR/MM/DD HH24:MI:SSXFF'),1050000,'eeee1234','8970a56f-9397-4596-92c5-473b1ad769bc.png');
Insert into FLEAMARKET (POST_ID,TITLE,CATEGORY_ID,SALES_STATUS,VIEW_COUNT,COMMENT_COUNT,CREATED_AT,PRICE,USER_ID,THUMBNAIL) values (12,'바흐 TR300 트럼펫 판매합니다 (교회 반주용)',21,0,2,0,to_timestamp('26/03/18 20:11:10.234442000','RR/MM/DD HH24:MI:SSXFF'),350000,'ssss1234','8b91accf-b5a8-450b-93ef-dce429ec3d8a.png');
Insert into FLEAMARKET (POST_ID,TITLE,CATEGORY_ID,SALES_STATUS,VIEW_COUNT,COMMENT_COUNT,CREATED_AT,PRICE,USER_ID,THUMBNAIL) values (29,'야마하(Yamaha) CG182S 클래식 기타 — 솔리드 탑 입문~중급용',8,0,1,0,to_timestamp('26/03/28 00:46:11.857516000','RR/MM/DD HH24:MI:SSXFF'),280000,'rrrr1234','8f886fe8-2740-4ca4-8ebb-ecb24ba0f4b8.png');
Insert into FLEAMARKET (POST_ID,TITLE,CATEGORY_ID,SALES_STATUS,VIEW_COUNT,COMMENT_COUNT,CREATED_AT,PRICE,USER_ID,THUMBNAIL) values (38,'셀마(Selmer) AS500 알토 색소폰 — 정비 완료, 초보자 추천',20,0,1,0,to_timestamp('26/03/28 00:56:16.039485000','RR/MM/DD HH24:MI:SSXFF'),420000,'eeee1234','2e6de89d-46a4-41ca-a296-f354103d9d77.png');
Insert into FLEAMARKET (POST_ID,TITLE,CATEGORY_ID,SALES_STATUS,VIEW_COUNT,COMMENT_COUNT,CREATED_AT,PRICE,USER_ID,THUMBNAIL) values (24,'바흐(Bach) TR300H2 Bb 트럼펫 — 학생용 입문 모델, 상태 양호',21,0,1,0,to_timestamp('26/03/28 00:40:23.984993000','RR/MM/DD HH24:MI:SSXFF'),350000,'rrrr1234','b53564e4-6a3c-4486-87ff-bbfd851de124.png');
Insert into FLEAMARKET (POST_ID,TITLE,CATEGORY_ID,SALES_STATUS,VIEW_COUNT,COMMENT_COUNT,CREATED_AT,PRICE,USER_ID,THUMBNAIL) values (23,'야마하(Yamaha) YFL-222 플룻 — 입문~중급, 케이스 포함',19,0,3,0,to_timestamp('26/03/28 00:39:21.665850000','RR/MM/DD HH24:MI:SSXFF'),260000,'qqqq1234','075e7396-ff6a-4a36-a84b-856b7e53c1b8.png');
Insert into FLEAMARKET (POST_ID,TITLE,CATEGORY_ID,SALES_STATUS,VIEW_COUNT,COMMENT_COUNT,CREATED_AT,PRICE,USER_ID,THUMBNAIL) values (25,'마틴(Martin) 000-15M 올마호가니 통기타 — 빈티지한 따뜻한 톤',11,0,1,0,to_timestamp('26/03/28 00:41:12.313369000','RR/MM/DD HH24:MI:SSXFF'),750000,'rrrr1234','798fecb2-8515-454c-aa5a-5d4e6b81c5aa.png');
Insert into FLEAMARKET (POST_ID,TITLE,CATEGORY_ID,SALES_STATUS,VIEW_COUNT,COMMENT_COUNT,CREATED_AT,PRICE,USER_ID,THUMBNAIL) values (26,'가토르(Gator) 일렉기타 ATA 하드케이스 — 충격 방지, 잠금장치 포함',30,0,1,0,to_timestamp('26/03/28 00:42:30.997582000','RR/MM/DD HH24:MI:SSXFF'),85000,'rrrr1234','5d5582cd-7da8-4432-94ab-a8756a5c2721.png');
Insert into FLEAMARKET (POST_ID,TITLE,CATEGORY_ID,SALES_STATUS,VIEW_COUNT,COMMENT_COUNT,CREATED_AT,PRICE,USER_ID,THUMBNAIL) values (39,'(상태 S급)코르그(Korg) Minilogue XD',13,0,3,0,to_timestamp('26/03/28 00:56:58.546809000','RR/MM/DD HH24:MI:SSXFF'),580000,'eeee1234','39dd2a2f-cca6-4806-9c90-bf788d92fa82.png');
Insert into FLEAMARKET (POST_ID,TITLE,CATEGORY_ID,SALES_STATUS,VIEW_COUNT,COMMENT_COUNT,CREATED_AT,PRICE,USER_ID,THUMBNAIL) values (40,'질젼(Zildjian) A 커스텀 16인치 크래쉬 심벌',17,0,1,0,to_timestamp('26/03/28 00:57:59.368596000','RR/MM/DD HH24:MI:SSXFF'),180000,'qqqq1234','75983744-1ccc-46ca-8e22-d9a7172a0955.png');
Insert into FLEAMARKET (POST_ID,TITLE,CATEGORY_ID,SALES_STATUS,VIEW_COUNT,COMMENT_COUNT,CREATED_AT,PRICE,USER_ID,THUMBNAIL) values (41,'[S급]펜더(Fender) Blues Junior IV 15W 진공관 앰프',26,0,1,0,to_timestamp('26/03/28 00:58:55.650807000','RR/MM/DD HH24:MI:SSXFF'),680000,'qqqq1234','a9c6553c-b6b2-494f-8540-6a7abe86ebad.png');
Insert into FLEAMARKET (POST_ID,TITLE,CATEGORY_ID,SALES_STATUS,VIEW_COUNT,COMMENT_COUNT,CREATED_AT,PRICE,USER_ID,THUMBNAIL) values (42,'펄(Pearl) Export EXX 5피스 어쿠스틱 드럼 — 심벌 별도',16,0,1,0,to_timestamp('26/03/28 00:59:39.093970000','RR/MM/DD HH24:MI:SSXFF'),480000,'qqqq1234','3c4b2d71-4fc4-4f6a-a987-45cbd8860a91.png');
Insert into FLEAMARKET (POST_ID,TITLE,CATEGORY_ID,SALES_STATUS,VIEW_COUNT,COMMENT_COUNT,CREATED_AT,PRICE,USER_ID,THUMBNAIL) values (43,'포커스라이트 스칼렛 4i4 4세대 판매합니다 (상태 매우 좋음)',28,0,11,0,to_timestamp('26/03/28 01:58:36.000000000','RR/MM/DD HH24:MI:SSXFF'),250000,'qqqq1234','6c712ca3-f21b-4c08-834e-ff2ab533693e.png');
Insert into FLEAMARKET (POST_ID,TITLE,CATEGORY_ID,SALES_STATUS,VIEW_COUNT,COMMENT_COUNT,CREATED_AT,PRICE,USER_ID,THUMBNAIL) values (44,'보스(Boss) DS-1 디스토션 페달 — 스탠다드 드라이브 페달',27,0,2,0,to_timestamp('26/03/28 01:01:12.200220000','RR/MM/DD HH24:MI:SSXFF'),55000,'qqqq1234','e3396336-8158-476c-bfec-518c7b6941b1.png');
Insert into FLEAMARKET (POST_ID,TITLE,CATEGORY_ID,SALES_STATUS,VIEW_COUNT,COMMENT_COUNT,CREATED_AT,PRICE,USER_ID,THUMBNAIL) values (1,'어쿠스틱 기타 드레드넛 바디 + 소프트 케이스 포함 / 상태 깔끔',11,0,36,0,to_timestamp('26/03/17 06:59:42.000000000','RR/MM/DD HH24:MI:SSXFF'),120000,'abcd1234','37119e35-5a31-46c7-af81-3c84db3bbc05.png');
Insert into FLEAMARKET (POST_ID,TITLE,CATEGORY_ID,SALES_STATUS,VIEW_COUNT,COMMENT_COUNT,CREATED_AT,PRICE,USER_ID,THUMBNAIL) values (3,'[급매] 펄(Pearl) 로드쇼 5기통 세트 (연습실 정리)',16,0,1,0,to_timestamp('26/03/17 12:44:08.307835000','RR/MM/DD HH24:MI:SSXFF'),450000,'ssss1234','f41d4024-af98-4b0f-9dda-4ebf13430064.png');
Insert into FLEAMARKET (POST_ID,TITLE,CATEGORY_ID,SALES_STATUS,VIEW_COUNT,COMMENT_COUNT,CREATED_AT,PRICE,USER_ID,THUMBNAIL) values (5,'펜더 스콰이어 어피니티 스트라토캐스터 + 앰프 일괄',9,0,2,0,to_timestamp('26/03/17 12:45:42.882995000','RR/MM/DD HH24:MI:SSXFF'),200000,'ssss1234','3efd8e81-ce38-4320-82c3-2cd622e9e327.png');
Insert into FLEAMARKET (POST_ID,TITLE,CATEGORY_ID,SALES_STATUS,VIEW_COUNT,COMMENT_COUNT,CREATED_AT,PRICE,USER_ID,THUMBNAIL) values (6,'[가격인하] 야마하(YAMAHA) 업라이트 피아노',14,0,3,0,to_timestamp('26/03/17 12:47:06.222598000','RR/MM/DD HH24:MI:SSXFF'),450000,'ssss1234','c71fc233-1c1d-4c94-afb5-c40382795bba.png');
Insert into FLEAMARKET (POST_ID,TITLE,CATEGORY_ID,SALES_STATUS,VIEW_COUNT,COMMENT_COUNT,CREATED_AT,PRICE,USER_ID,THUMBNAIL) values (7,'타마(TAMA) 아이언 코브라 200 트윈 페달',18,0,2,0,to_timestamp('26/03/18 16:23:35.311782000','RR/MM/DD HH24:MI:SSXFF'),120000,'eeee1234','8c9394fc-2e51-47c7-b9d5-efcfab2b3b67.png');
Insert into FLEAMARKET (POST_ID,TITLE,CATEGORY_ID,SALES_STATUS,VIEW_COUNT,COMMENT_COUNT,CREATED_AT,PRICE,USER_ID,THUMBNAIL) values (9,'펜더 스타일 레릭 일렉기타 + 미니 앰프 + 하드케이스 풀셋 (빈티지)',9,0,5,0,to_timestamp('26/03/18 19:53:33.000000000','RR/MM/DD HH24:MI:SSXFF'),450000,'member123','0ae1ef73-5c01-4560-8b93-73a54a4ba3c2.png');
Insert into FLEAMARKET (POST_ID,TITLE,CATEGORY_ID,SALES_STATUS,VIEW_COUNT,COMMENT_COUNT,CREATED_AT,PRICE,USER_ID,THUMBNAIL) values (45,'펜더(Fender) Player Stratocaster 썬버스트 — 멕시코산 플레이어 시리즈',9,0,1,0,to_timestamp('26/03/28 01:02:05.396823000','RR/MM/DD HH24:MI:SSXFF'),620000,'qqqq1234','a7a8e23c-aa2a-495c-b097-e8067b75a069.png');
Insert into FLEAMARKET (POST_ID,TITLE,CATEGORY_ID,SALES_STATUS,VIEW_COUNT,COMMENT_COUNT,CREATED_AT,PRICE,USER_ID,THUMBNAIL) values (46,'야마하(Yamaha) U1 업라이트 피아노 — 국내 정품, 조율 완료',14,0,1,0,to_timestamp('26/03/28 01:02:52.503516000','RR/MM/DD HH24:MI:SSXFF'),2200000,'qqqq1234','d83a1a34-b799-4933-8180-4a602777c2f1.png');
Insert into FLEAMARKET (POST_ID,TITLE,CATEGORY_ID,SALES_STATUS,VIEW_COUNT,COMMENT_COUNT,CREATED_AT,PRICE,USER_ID,THUMBNAIL) values (47,'롤랜드(Roland) TD-17KVX2 전자드럼 풀셋 - 메쉬 헤드 고급형',15,0,2,0,to_timestamp('26/03/28 01:03:31.743014000','RR/MM/DD HH24:MI:SSXFF'),1650000,'qqqq1234','acfa5c71-1ca3-4928-a485-7d71934a08e1.png');
Insert into FLEAMARKET (POST_ID,TITLE,CATEGORY_ID,SALES_STATUS,VIEW_COUNT,COMMENT_COUNT,CREATED_AT,PRICE,USER_ID,THUMBNAIL) values (11,'[야마하] YFL-221 플루트 (학생 연습용으로 좋아요)',19,0,4,0,to_timestamp('26/03/18 20:10:31.000000000','RR/MM/DD HH24:MI:SSXFF'),200000,'ssss1234','213ca143-8bfa-427d-bf8b-6c28bf50729a.png');
Insert into FLEAMARKET (POST_ID,TITLE,CATEGORY_ID,SALES_STATUS,VIEW_COUNT,COMMENT_COUNT,CREATED_AT,PRICE,USER_ID,THUMBNAIL) values (10,'[급처] 입문용 성음 크래프터 클래식 기타 판매합니다 (상태 최상)',8,0,21,0,to_timestamp('26/03/18 20:05:06.000000000','RR/MM/DD HH24:MI:SSXFF'),120000,'member123','6b59e3ea-528a-4168-9f2a-d970c609d9f6.png');
Insert into FLEAMARKET (POST_ID,TITLE,CATEGORY_ID,SALES_STATUS,VIEW_COUNT,COMMENT_COUNT,CREATED_AT,PRICE,USER_ID,THUMBNAIL) values (13,'[S급] 포커스라이트 스칼렛 4i4 3세대 (Focusrite Scarlett 4i4)',28,0,5,0,to_timestamp('26/03/27 23:55:40.127241000','RR/MM/DD HH24:MI:SSXFF'),180000,'company1','dd3ed42a-4712-4596-ad0c-2a6ac369e3e8.png');
Insert into FLEAMARKET (POST_ID,TITLE,CATEGORY_ID,SALES_STATUS,VIEW_COUNT,COMMENT_COUNT,CREATED_AT,PRICE,USER_ID,THUMBNAIL) values (14,'보스(BOSS) 클립형 튜너 TU-01 (기타/베이스/우쿨렐레 공용)',32,0,2,0,to_timestamp('26/03/27 23:57:03.234373000','RR/MM/DD HH24:MI:SSXFF'),15000,'company1','b10fefba-17a7-4f77-a131-bd4718ae0e54.png');
Insert into FLEAMARKET (POST_ID,TITLE,CATEGORY_ID,SALES_STATUS,VIEW_COUNT,COMMENT_COUNT,CREATED_AT,PRICE,USER_ID,THUMBNAIL) values (15,'[풀세트] 롤랜드(Roland) TD-1k 전자드럼 (소음방지 매트 포함)',15,0,1,0,to_timestamp('26/03/27 23:58:30.273050000','RR/MM/DD HH24:MI:SSXFF'),380000,'wwww1234','a110a4b0-a33f-478c-89c4-27149f4acd2d.png');
Insert into FLEAMARKET (POST_ID,TITLE,CATEGORY_ID,SALES_STATUS,VIEW_COUNT,COMMENT_COUNT,CREATED_AT,PRICE,USER_ID,THUMBNAIL) values (16,'[S급] Blue Baby Bottle 콘덴서 마이크 (방송용/녹음용 강추)',29,0,1,0,to_timestamp('26/03/27 23:59:31.842554000','RR/MM/DD HH24:MI:SSXFF'),320000,'wwww1234','1502c5a7-dd6d-4e87-8d57-a24fb7bd12ef.png');
Insert into FLEAMARKET (POST_ID,TITLE,CATEGORY_ID,SALES_STATUS,VIEW_COUNT,COMMENT_COUNT,CREATED_AT,PRICE,USER_ID,THUMBNAIL) values (17,'쥬피터 클라리넷 JCL-631 (전공 입문용)',22,0,1,0,to_timestamp('26/03/28 00:00:50.052380000','RR/MM/DD HH24:MI:SSXFF'),400000,'wwww1234','66ad06bb-8f19-4e2b-806d-2ff32cb6fca0.png');
Insert into FLEAMARKET (POST_ID,TITLE,CATEGORY_ID,SALES_STATUS,VIEW_COUNT,COMMENT_COUNT,CREATED_AT,PRICE,USER_ID,THUMBNAIL) values (18,'심로(Shimro) 바이올린 4/4 풀사이즈',23,0,1,0,to_timestamp('26/03/28 00:01:56.453322000','RR/MM/DD HH24:MI:SSXFF'),110000,'wwww1234','cb6ea6ba-8da0-4aba-ac2c-c1f2ebe843cd.png');
Insert into FLEAMARKET (POST_ID,TITLE,CATEGORY_ID,SALES_STATUS,VIEW_COUNT,COMMENT_COUNT,CREATED_AT,PRICE,USER_ID,THUMBNAIL) values (19,'야마하 YAS-280 알토 색소폰 (입문용 추천)',20,0,1,0,to_timestamp('26/03/28 00:02:53.413847000','RR/MM/DD HH24:MI:SSXFF'),650000,'qqqq1234','a63f7a50-5202-41b9-8cdb-d0981aa0ac07.png');
Insert into FLEAMARKET (POST_ID,TITLE,CATEGORY_ID,SALES_STATUS,VIEW_COUNT,COMMENT_COUNT,CREATED_AT,PRICE,USER_ID,THUMBNAIL) values (20,'질젼(Zildjian) A 커스텀 16인치 크래쉬 심벌 (상태 양호)',17,0,2,0,to_timestamp('26/03/28 00:03:41.475209000','RR/MM/DD HH24:MI:SSXFF'),180000,'qqqq1234','0bab1b69-341a-498e-973a-14309b662e89.png');
Insert into FLEAMARKET (POST_ID,TITLE,CATEGORY_ID,SALES_STATUS,VIEW_COUNT,COMMENT_COUNT,CREATED_AT,PRICE,USER_ID,THUMBNAIL) values (21,'호너(Hohner) Special 20 하모니카 C장조 — 블루스·포크 입문용',22,0,1,0,to_timestamp('26/03/28 00:36:43.890271000','RR/MM/DD HH24:MI:SSXFF'),35000,'qqqq1234','558c09e8-46af-4dc8-9e19-3f522ad1db71.png');
REM INSERTING into FLEA_CATEGORY
SET DEFINE OFF;


-- 대분류
INSERT INTO flea_category (category_id, category_name, parent_id) VALUES (1, '기타', NULL);
INSERT INTO flea_category (category_id, category_name, parent_id) VALUES (2, '건반악기', NULL);
INSERT INTO flea_category (category_id, category_name, parent_id) VALUES (3, '드럼', NULL);
INSERT INTO flea_category (category_id, category_name, parent_id) VALUES (4, '관악기', NULL);
INSERT INTO flea_category (category_id, category_name, parent_id) VALUES (5, '현악기', NULL);
INSERT INTO flea_category (category_id, category_name, parent_id) VALUES (6, '장비', NULL);
INSERT INTO flea_category (category_id, category_name, parent_id) VALUES (7, '그 외', NULL);

-- 기타의 소분류
INSERT INTO flea_category (category_id, category_name, parent_id) VALUES (8, '어쿠스틱 기타', 1);
INSERT INTO flea_category (category_id, category_name, parent_id) VALUES (9, '일렉 기타', 1);
INSERT INTO flea_category (category_id, category_name, parent_id) VALUES (10, '베이스 기타', 1);
INSERT INTO flea_category (category_id, category_name, parent_id) VALUES (11, '통기타', 1);

-- 건반악기의 소분류
INSERT INTO flea_category (category_id, category_name, parent_id) VALUES (12, '디지털피아노', 2);
INSERT INTO flea_category (category_id, category_name, parent_id) VALUES (13, '신디사이저', 2);
INSERT INTO flea_category (category_id, category_name, parent_id) VALUES (14, '일반 피아노', 2);

-- 드럼의 소분류
INSERT INTO flea_category (category_id, category_name, parent_id) VALUES (15, '전자드럼', 3);
INSERT INTO flea_category (category_id, category_name, parent_id) VALUES (16, '어쿠스틱드럼', 3);
INSERT INTO flea_category (category_id, category_name, parent_id) VALUES (17, '심벌', 3);
INSERT INTO flea_category (category_id, category_name, parent_id) VALUES (18, '하드웨어', 3);

-- 관악기의 소분류
INSERT INTO flea_category (category_id, category_name, parent_id) VALUES (19, '플룻', 4);
INSERT INTO flea_category (category_id, category_name, parent_id) VALUES (20, '색소폰', 4);
INSERT INTO flea_category (category_id, category_name, parent_id) VALUES (21, '트럼펫', 4);
INSERT INTO flea_category (category_id, category_name, parent_id) VALUES (22, '그 외 관악기', 4);

-- 현악기의 소분류
INSERT INTO flea_category (category_id, category_name, parent_id) VALUES (23, '바이올린', 5);
INSERT INTO flea_category (category_id, category_name, parent_id) VALUES (24, '첼로', 5);
INSERT INTO flea_category (category_id, category_name, parent_id) VALUES (25, '그 외 현악기', 5);

-- 장비의 소분류
INSERT INTO flea_category (category_id, category_name, parent_id) VALUES (26, '앰프', 6);
INSERT INTO flea_category (category_id, category_name, parent_id) VALUES (27, '이펙터', 6);
INSERT INTO flea_category (category_id, category_name, parent_id) VALUES (28, '오디오 인터페이스', 6);
INSERT INTO flea_category (category_id, category_name, parent_id) VALUES (29, '마이크', 6);

-- 그 외 소분류
INSERT INTO flea_category (category_id, category_name, parent_id) VALUES (30, '케이스', 7);
INSERT INTO flea_category (category_id, category_name, parent_id) VALUES (31, '케이블', 7);
INSERT INTO flea_category (category_id, category_name, parent_id) VALUES (32, '튜너', 7);
INSERT INTO flea_category (category_id, category_name, parent_id) VALUES (33, '그 외 악세서리', 7);

REM INSERTING into IMAGE_FILE
SET DEFINE OFF;
Insert into IMAGE_FILE (IMAGE_ID,IMAGE_NAME,CREATED_AT,POST_ID,POST_TYPE) values (13,'509a7d6d-715c-4709-8640-ae1826947efb.png',to_timestamp('26/03/18 19:47:21.000000000','RR/MM/DD HH24:MI:SSXFF'),8,'FLEA');
Insert into IMAGE_FILE (IMAGE_ID,IMAGE_NAME,CREATED_AT,POST_ID,POST_TYPE) values (14,'10fd87fe-d8cf-4ff0-989b-d134605c6dd4.png',to_timestamp('26/03/18 19:47:21.000000000','RR/MM/DD HH24:MI:SSXFF'),8,'FLEA');
Insert into IMAGE_FILE (IMAGE_ID,IMAGE_NAME,CREATED_AT,POST_ID,POST_TYPE) values (30,'8b91accf-b5a8-450b-93ef-dce429ec3d8a.png',to_timestamp('26/03/18 20:11:10.000000000','RR/MM/DD HH24:MI:SSXFF'),12,'FLEA');
Insert into IMAGE_FILE (IMAGE_ID,IMAGE_NAME,CREATED_AT,POST_ID,POST_TYPE) values (51,'8f886fe8-2740-4ca4-8ebb-ecb24ba0f4b8.png',to_timestamp('26/03/28 00:46:11.000000000','RR/MM/DD HH24:MI:SSXFF'),29,'FLEA');
Insert into IMAGE_FILE (IMAGE_ID,IMAGE_NAME,CREATED_AT,POST_ID,POST_TYPE) values (47,'798fecb2-8515-454c-aa5a-5d4e6b81c5aa.png',to_timestamp('26/03/28 00:41:12.000000000','RR/MM/DD HH24:MI:SSXFF'),25,'FLEA');
Insert into IMAGE_FILE (IMAGE_ID,IMAGE_NAME,CREATED_AT,POST_ID,POST_TYPE) values (45,'075e7396-ff6a-4a36-a84b-856b7e53c1b8.png',to_timestamp('26/03/28 00:39:21.000000000','RR/MM/DD HH24:MI:SSXFF'),23,'FLEA');
Insert into IMAGE_FILE (IMAGE_ID,IMAGE_NAME,CREATED_AT,POST_ID,POST_TYPE) values (46,'b53564e4-6a3c-4486-87ff-bbfd851de124.png',to_timestamp('26/03/28 00:40:23.000000000','RR/MM/DD HH24:MI:SSXFF'),24,'FLEA');
Insert into IMAGE_FILE (IMAGE_ID,IMAGE_NAME,CREATED_AT,POST_ID,POST_TYPE) values (48,'5d5582cd-7da8-4432-94ab-a8756a5c2721.png',to_timestamp('26/03/28 00:42:30.000000000','RR/MM/DD HH24:MI:SSXFF'),26,'FLEA');
Insert into IMAGE_FILE (IMAGE_ID,IMAGE_NAME,CREATED_AT,POST_ID,POST_TYPE) values (1,'37119e35-5a31-46c7-af81-3c84db3bbc05.png',to_timestamp('25/12/17 17:21:05.000000000','RR/MM/DD HH24:MI:SSXFF'),1,'FLEA');
Insert into IMAGE_FILE (IMAGE_ID,IMAGE_NAME,CREATED_AT,POST_ID,POST_TYPE) values (2,'1055e7d8-47f6-4881-bf85-e1cd52f4943b.png',to_timestamp('25/12/17 17:21:05.000000000','RR/MM/DD HH24:MI:SSXFF'),1,'FLEA');
Insert into IMAGE_FILE (IMAGE_ID,IMAGE_NAME,CREATED_AT,POST_ID,POST_TYPE) values (3,'c4b5f471-3e25-4006-853c-7ca6693c5e93.png',to_timestamp('25/12/17 17:21:05.000000000','RR/MM/DD HH24:MI:SSXFF'),1,'FLEA');
Insert into IMAGE_FILE (IMAGE_ID,IMAGE_NAME,CREATED_AT,POST_ID,POST_TYPE) values (4,'bbd2c7db-eb22-4622-a5c6-39b5b025c730.png',to_timestamp('25/12/17 17:21:05.000000000','RR/MM/DD HH24:MI:SSXFF'),1,'FLEA');
Insert into IMAGE_FILE (IMAGE_ID,IMAGE_NAME,CREATED_AT,POST_ID,POST_TYPE) values (6,'f41d4024-af98-4b0f-9dda-4ebf13430064.png',to_timestamp('26/03/17 12:44:08.000000000','RR/MM/DD HH24:MI:SSXFF'),3,'FLEA');
Insert into IMAGE_FILE (IMAGE_ID,IMAGE_NAME,CREATED_AT,POST_ID,POST_TYPE) values (8,'3efd8e81-ce38-4320-82c3-2cd622e9e327.png',to_timestamp('26/03/17 12:45:42.000000000','RR/MM/DD HH24:MI:SSXFF'),5,'FLEA');
Insert into IMAGE_FILE (IMAGE_ID,IMAGE_NAME,CREATED_AT,POST_ID,POST_TYPE) values (9,'c71fc233-1c1d-4c94-afb5-c40382795bba.png',to_timestamp('26/03/17 12:47:06.000000000','RR/MM/DD HH24:MI:SSXFF'),6,'FLEA');
Insert into IMAGE_FILE (IMAGE_ID,IMAGE_NAME,CREATED_AT,POST_ID,POST_TYPE) values (10,'542d4428-97ab-4887-9b03-d33328171323.png',to_timestamp('26/03/17 12:47:06.000000000','RR/MM/DD HH24:MI:SSXFF'),6,'FLEA');
Insert into IMAGE_FILE (IMAGE_ID,IMAGE_NAME,CREATED_AT,POST_ID,POST_TYPE) values (11,'78164df4-5e91-4a5a-bc2f-285eb75d75b6.png',to_timestamp('26/03/17 12:47:06.000000000','RR/MM/DD HH24:MI:SSXFF'),6,'FLEA');
Insert into IMAGE_FILE (IMAGE_ID,IMAGE_NAME,CREATED_AT,POST_ID,POST_TYPE) values (12,'8c9394fc-2e51-47c7-b9d5-efcfab2b3b67.png',to_timestamp('26/03/18 16:23:35.000000000','RR/MM/DD HH24:MI:SSXFF'),7,'FLEA');
Insert into IMAGE_FILE (IMAGE_ID,IMAGE_NAME,CREATED_AT,POST_ID,POST_TYPE) values (19,'0ae1ef73-5c01-4560-8b93-73a54a4ba3c2.png',to_timestamp('26/03/18 19:53:33.000000000','RR/MM/DD HH24:MI:SSXFF'),9,'FLEA');
Insert into IMAGE_FILE (IMAGE_ID,IMAGE_NAME,CREATED_AT,POST_ID,POST_TYPE) values (20,'539275bb-6c85-44e9-abdf-0a4a8fd7f832.png',to_timestamp('26/03/18 19:53:33.000000000','RR/MM/DD HH24:MI:SSXFF'),9,'FLEA');
Insert into IMAGE_FILE (IMAGE_ID,IMAGE_NAME,CREATED_AT,POST_ID,POST_TYPE) values (21,'f8f082a1-6f09-4310-8215-b6dfe442315e.png',to_timestamp('26/03/18 19:53:33.000000000','RR/MM/DD HH24:MI:SSXFF'),9,'FLEA');
Insert into IMAGE_FILE (IMAGE_ID,IMAGE_NAME,CREATED_AT,POST_ID,POST_TYPE) values (22,'ca4cc7e0-768d-4e73-8e20-14598f7f2d81.png',to_timestamp('26/03/18 19:53:33.000000000','RR/MM/DD HH24:MI:SSXFF'),9,'FLEA');
Insert into IMAGE_FILE (IMAGE_ID,IMAGE_NAME,CREATED_AT,POST_ID,POST_TYPE) values (31,'dd3ed42a-4712-4596-ad0c-2a6ac369e3e8.png',to_timestamp('26/03/27 23:55:40.000000000','RR/MM/DD HH24:MI:SSXFF'),13,'FLEA');
Insert into IMAGE_FILE (IMAGE_ID,IMAGE_NAME,CREATED_AT,POST_ID,POST_TYPE) values (23,'6b59e3ea-528a-4168-9f2a-d970c609d9f6.png',to_timestamp('26/03/18 20:04:55.000000000','RR/MM/DD HH24:MI:SSXFF'),10,'FLEA');
Insert into IMAGE_FILE (IMAGE_ID,IMAGE_NAME,CREATED_AT,POST_ID,POST_TYPE) values (24,'8a0c88bb-b0d8-4793-a062-e39308493d8e.png',to_timestamp('26/03/18 20:04:55.000000000','RR/MM/DD HH24:MI:SSXFF'),10,'FLEA');
Insert into IMAGE_FILE (IMAGE_ID,IMAGE_NAME,CREATED_AT,POST_ID,POST_TYPE) values (32,'b10fefba-17a7-4f77-a131-bd4718ae0e54.png',to_timestamp('26/03/27 23:57:03.000000000','RR/MM/DD HH24:MI:SSXFF'),14,'FLEA');
Insert into IMAGE_FILE (IMAGE_ID,IMAGE_NAME,CREATED_AT,POST_ID,POST_TYPE) values (28,'213ca143-8bfa-427d-bf8b-6c28bf50729a.png',to_timestamp('26/03/18 20:10:27.000000000','RR/MM/DD HH24:MI:SSXFF'),11,'FLEA');
Insert into IMAGE_FILE (IMAGE_ID,IMAGE_NAME,CREATED_AT,POST_ID,POST_TYPE) values (29,'323ce500-cd0c-4987-83bc-7ccc9ff65d24.png',to_timestamp('26/03/18 20:10:31.000000000','RR/MM/DD HH24:MI:SSXFF'),11,'FLEA');
Insert into IMAGE_FILE (IMAGE_ID,IMAGE_NAME,CREATED_AT,POST_ID,POST_TYPE) values (33,'243cf708-f4b6-4934-b86e-2babffc5f84a.png',to_timestamp('26/03/27 23:57:03.000000000','RR/MM/DD HH24:MI:SSXFF'),14,'FLEA');
Insert into IMAGE_FILE (IMAGE_ID,IMAGE_NAME,CREATED_AT,POST_ID,POST_TYPE) values (34,'a110a4b0-a33f-478c-89c4-27149f4acd2d.png',to_timestamp('26/03/27 23:58:30.000000000','RR/MM/DD HH24:MI:SSXFF'),15,'FLEA');
Insert into IMAGE_FILE (IMAGE_ID,IMAGE_NAME,CREATED_AT,POST_ID,POST_TYPE) values (35,'1502c5a7-dd6d-4e87-8d57-a24fb7bd12ef.png',to_timestamp('26/03/27 23:59:31.000000000','RR/MM/DD HH24:MI:SSXFF'),16,'FLEA');
Insert into IMAGE_FILE (IMAGE_ID,IMAGE_NAME,CREATED_AT,POST_ID,POST_TYPE) values (36,'66ad06bb-8f19-4e2b-806d-2ff32cb6fca0.png',to_timestamp('26/03/28 00:00:50.000000000','RR/MM/DD HH24:MI:SSXFF'),17,'FLEA');
Insert into IMAGE_FILE (IMAGE_ID,IMAGE_NAME,CREATED_AT,POST_ID,POST_TYPE) values (37,'cb6ea6ba-8da0-4aba-ac2c-c1f2ebe843cd.png',to_timestamp('26/03/28 00:01:56.000000000','RR/MM/DD HH24:MI:SSXFF'),18,'FLEA');
Insert into IMAGE_FILE (IMAGE_ID,IMAGE_NAME,CREATED_AT,POST_ID,POST_TYPE) values (38,'3ae64387-a7e8-4b44-97ad-b8953383a41d.png',to_timestamp('26/03/28 00:01:56.000000000','RR/MM/DD HH24:MI:SSXFF'),18,'FLEA');
Insert into IMAGE_FILE (IMAGE_ID,IMAGE_NAME,CREATED_AT,POST_ID,POST_TYPE) values (39,'a63f7a50-5202-41b9-8cdb-d0981aa0ac07.png',to_timestamp('26/03/28 00:02:53.000000000','RR/MM/DD HH24:MI:SSXFF'),19,'FLEA');
Insert into IMAGE_FILE (IMAGE_ID,IMAGE_NAME,CREATED_AT,POST_ID,POST_TYPE) values (40,'a151e0d9-1a7f-49fd-83bc-146e98b66e66.png',to_timestamp('26/03/28 00:02:53.000000000','RR/MM/DD HH24:MI:SSXFF'),19,'FLEA');
Insert into IMAGE_FILE (IMAGE_ID,IMAGE_NAME,CREATED_AT,POST_ID,POST_TYPE) values (41,'0bab1b69-341a-498e-973a-14309b662e89.png',to_timestamp('26/03/28 00:03:41.000000000','RR/MM/DD HH24:MI:SSXFF'),20,'FLEA');
Insert into IMAGE_FILE (IMAGE_ID,IMAGE_NAME,CREATED_AT,POST_ID,POST_TYPE) values (42,'946a5dd3-0069-4296-a3c5-1e83de141354.png',to_timestamp('26/03/28 00:03:41.000000000','RR/MM/DD HH24:MI:SSXFF'),20,'FLEA');
Insert into IMAGE_FILE (IMAGE_ID,IMAGE_NAME,CREATED_AT,POST_ID,POST_TYPE) values (43,'558c09e8-46af-4dc8-9e19-3f522ad1db71.png',to_timestamp('26/03/28 00:36:43.000000000','RR/MM/DD HH24:MI:SSXFF'),21,'FLEA');
Insert into IMAGE_FILE (IMAGE_ID,IMAGE_NAME,CREATED_AT,POST_ID,POST_TYPE) values (44,'6b5f77ce-7e52-417b-8f5d-a7b7cebea7f9.png',to_timestamp('26/03/28 00:37:58.000000000','RR/MM/DD HH24:MI:SSXFF'),22,'FLEA');
Insert into IMAGE_FILE (IMAGE_ID,IMAGE_NAME,CREATED_AT,POST_ID,POST_TYPE) values (49,'7918316a-2836-4731-9272-696fa48f85c0.png',to_timestamp('26/03/28 00:43:51.000000000','RR/MM/DD HH24:MI:SSXFF'),27,'FLEA');
Insert into IMAGE_FILE (IMAGE_ID,IMAGE_NAME,CREATED_AT,POST_ID,POST_TYPE) values (50,'6e740d71-38aa-4da2-9b4c-48d0eb0fe4d5.png',to_timestamp('26/03/28 00:45:22.000000000','RR/MM/DD HH24:MI:SSXFF'),28,'FLEA');
Insert into IMAGE_FILE (IMAGE_ID,IMAGE_NAME,CREATED_AT,POST_ID,POST_TYPE) values (52,'bcbc6fef-f331-4f0d-86c5-eff79aa28fbb.png',to_timestamp('26/03/28 00:48:23.000000000','RR/MM/DD HH24:MI:SSXFF'),30,'FLEA');
Insert into IMAGE_FILE (IMAGE_ID,IMAGE_NAME,CREATED_AT,POST_ID,POST_TYPE) values (53,'871d36a3-834c-4ead-ae8b-efd1cdc493c4.png',to_timestamp('26/03/28 00:50:03.000000000','RR/MM/DD HH24:MI:SSXFF'),31,'FLEA');
Insert into IMAGE_FILE (IMAGE_ID,IMAGE_NAME,CREATED_AT,POST_ID,POST_TYPE) values (54,'65aebe8a-9fdf-4242-862c-1a198d37464d.png',to_timestamp('26/03/28 00:51:20.000000000','RR/MM/DD HH24:MI:SSXFF'),32,'FLEA');
Insert into IMAGE_FILE (IMAGE_ID,IMAGE_NAME,CREATED_AT,POST_ID,POST_TYPE) values (59,'8970a56f-9397-4596-92c5-473b1ad769bc.png',to_timestamp('26/03/28 00:55:12.000000000','RR/MM/DD HH24:MI:SSXFF'),37,'FLEA');
Insert into IMAGE_FILE (IMAGE_ID,IMAGE_NAME,CREATED_AT,POST_ID,POST_TYPE) values (56,'bacab6e1-a427-490b-9c25-ca0f1a86df08.png',to_timestamp('26/03/28 00:52:03.000000000','RR/MM/DD HH24:MI:SSXFF'),34,'FLEA');
Insert into IMAGE_FILE (IMAGE_ID,IMAGE_NAME,CREATED_AT,POST_ID,POST_TYPE) values (57,'49da321f-dae7-45c7-82ec-11b3d5173391.png',to_timestamp('26/03/28 00:53:04.000000000','RR/MM/DD HH24:MI:SSXFF'),35,'FLEA');
Insert into IMAGE_FILE (IMAGE_ID,IMAGE_NAME,CREATED_AT,POST_ID,POST_TYPE) values (58,'25525b74-79d7-4ea2-861d-40fb1410c822.png',to_timestamp('26/03/28 00:54:05.000000000','RR/MM/DD HH24:MI:SSXFF'),36,'FLEA');
Insert into IMAGE_FILE (IMAGE_ID,IMAGE_NAME,CREATED_AT,POST_ID,POST_TYPE) values (60,'2e6de89d-46a4-41ca-a296-f354103d9d77.png',to_timestamp('26/03/28 00:56:16.000000000','RR/MM/DD HH24:MI:SSXFF'),38,'FLEA');
Insert into IMAGE_FILE (IMAGE_ID,IMAGE_NAME,CREATED_AT,POST_ID,POST_TYPE) values (61,'39dd2a2f-cca6-4806-9c90-bf788d92fa82.png',to_timestamp('26/03/28 00:56:58.000000000','RR/MM/DD HH24:MI:SSXFF'),39,'FLEA');
Insert into IMAGE_FILE (IMAGE_ID,IMAGE_NAME,CREATED_AT,POST_ID,POST_TYPE) values (62,'75983744-1ccc-46ca-8e22-d9a7172a0955.png',to_timestamp('26/03/28 00:57:59.000000000','RR/MM/DD HH24:MI:SSXFF'),40,'FLEA');
Insert into IMAGE_FILE (IMAGE_ID,IMAGE_NAME,CREATED_AT,POST_ID,POST_TYPE) values (63,'a9c6553c-b6b2-494f-8540-6a7abe86ebad.png',to_timestamp('26/03/28 00:58:55.000000000','RR/MM/DD HH24:MI:SSXFF'),41,'FLEA');
Insert into IMAGE_FILE (IMAGE_ID,IMAGE_NAME,CREATED_AT,POST_ID,POST_TYPE) values (64,'3c4b2d71-4fc4-4f6a-a987-45cbd8860a91.png',to_timestamp('26/03/28 00:59:39.000000000','RR/MM/DD HH24:MI:SSXFF'),42,'FLEA');
Insert into IMAGE_FILE (IMAGE_ID,IMAGE_NAME,CREATED_AT,POST_ID,POST_TYPE) values (65,'6c712ca3-f21b-4c08-834e-ff2ab533693e.png',to_timestamp('26/03/28 01:00:27.000000000','RR/MM/DD HH24:MI:SSXFF'),43,'FLEA');
Insert into IMAGE_FILE (IMAGE_ID,IMAGE_NAME,CREATED_AT,POST_ID,POST_TYPE) values (66,'e3396336-8158-476c-bfec-518c7b6941b1.png',to_timestamp('26/03/28 01:01:12.000000000','RR/MM/DD HH24:MI:SSXFF'),44,'FLEA');
Insert into IMAGE_FILE (IMAGE_ID,IMAGE_NAME,CREATED_AT,POST_ID,POST_TYPE) values (67,'a7a8e23c-aa2a-495c-b097-e8067b75a069.png',to_timestamp('26/03/28 01:02:05.000000000','RR/MM/DD HH24:MI:SSXFF'),45,'FLEA');
Insert into IMAGE_FILE (IMAGE_ID,IMAGE_NAME,CREATED_AT,POST_ID,POST_TYPE) values (68,'d83a1a34-b799-4933-8180-4a602777c2f1.png',to_timestamp('26/03/28 01:02:52.000000000','RR/MM/DD HH24:MI:SSXFF'),46,'FLEA');
Insert into IMAGE_FILE (IMAGE_ID,IMAGE_NAME,CREATED_AT,POST_ID,POST_TYPE) values (69,'acfa5c71-1ca3-4928-a485-7d71934a08e1.png',to_timestamp('26/03/28 01:03:31.000000000','RR/MM/DD HH24:MI:SSXFF'),47,'FLEA');
REM INSERTING into JOB
SET DEFINE OFF;
Insert into JOB (POST_ID,TITLE,CATEGORY,STATUS,VIEW_COUNT,CREATED_AT,PAY_CATEGORY,PAY,USER_ID,CITY,GU,DONG,POSITION) values (1,'[서울 합정] 힙합 프로젝트 프로듀서 모집합니다',1,0,4,to_timestamp('26/03/17 12:53:25.648773000','RR/MM/DD HH24:MI:SSXFF'),0,null,'dddd1234','서울','마포구','합정동','midi');
Insert into JOB (POST_ID,TITLE,CATEGORY,STATUS,VIEW_COUNT,CREATED_AT,PAY_CATEGORY,PAY,USER_ID,CITY,GU,DONG,POSITION) values (2,'[인천] 밴드 멤버 모집합니다',1,0,5,to_timestamp('26/03/17 12:59:28.562502000','RR/MM/DD HH24:MI:SSXFF'),0,null,'rrrr1234','인천','부평구','부평1동','piano');
Insert into JOB (POST_ID,TITLE,CATEGORY,STATUS,VIEW_COUNT,CREATED_AT,PAY_CATEGORY,PAY,USER_ID,CITY,GU,DONG,POSITION) values (4,'리코딩 & 믹싱 엔지니어 (신입/경력)',0,0,14,to_timestamp('26/03/18 01:10:26.235478000','RR/MM/DD HH24:MI:SSXFF'),5,34000000,'company1','서울','마포구','서교동','midi');
Insert into JOB (POST_ID,TITLE,CATEGORY,STATUS,VIEW_COUNT,CREATED_AT,PAY_CATEGORY,PAY,USER_ID,CITY,GU,DONG,POSITION) values (5,'[신입/경력] K-POP 트랙 메이커 및 프로듀서 모집',0,0,15,to_timestamp('26/03/18 16:33:54.746941000','RR/MM/DD HH24:MI:SSXFF'),5,36000000,'aaaa1234','서울','강남구','신사동','midi');
Insert into JOB (POST_ID,TITLE,CATEGORY,STATUS,VIEW_COUNT,CREATED_AT,PAY_CATEGORY,PAY,USER_ID,CITY,GU,DONG,POSITION) values (6,'[밴드] 직장인 밴드 (취미 이상, 공연 위주)',1,0,2,to_timestamp('26/03/18 20:20:38.432288000','RR/MM/DD HH24:MI:SSXFF'),0,null,'ssss1234','경기','성남시 분당구','판교동','piano');
REM INSERTING into MEMBER
SET DEFINE OFF;
Insert into MEMBER (USER_ID,USER_PW,USER_NAME,ADDRESS,PHONE,EMAIL,REFRESHTOKEN,SOCIAL_LOGIN,COMPANY_NAME,DELETED_AT) values ('admin1234','$2a$10$3FAEGqZeo2FabS2Zyi0H/uLSALVcuzU2fHaKd6bDgGPuwtMgSjWjq','관리자','서울 강남구 가로수길 5 1','01011223344','admin1234@naver.com','eyJhbGciOiJIUzI1NiJ9.eyJhdXRvTG9naW4iOmZhbHNlLCJsb2dpblR5cGUiOiJsb2NhbCIsImp0aSI6IjFkMDhmNzg3LTc3ZmQtNDZiNi1hN2ZiLWM1ZDM0M2U0ZjBlMyIsImlhdCI6MTc3MTQ0OTUzMywiZXhwIjoxNzcxNTM1OTMzfQ.oPjXyqWrQ7z3nV-6NWVG46LPd7vp9Cq0DiI4Oz6cPBs',0,null,null);
Insert into MEMBER (USER_ID,USER_PW,USER_NAME,ADDRESS,PHONE,EMAIL,REFRESHTOKEN,SOCIAL_LOGIN,COMPANY_NAME,DELETED_AT) values ('member123','$2a$10$6IruO610GtWuD8n36UzkXOPVUe.q./kwU2NLlbq5ZCALnzPf5YoEq','이진리','서울 강남구 가로수길 5 1','01012344321','mamber1@naver.com','p8is/V667sWNYh4uyY1/YmiG6icOowm2ht0Yuvg0QBQ=',0,null,null);
Insert into MEMBER (USER_ID,USER_PW,USER_NAME,ADDRESS,PHONE,EMAIL,REFRESHTOKEN,SOCIAL_LOGIN,COMPANY_NAME,DELETED_AT) values ('ffff1234','$2a$10$0h9pS9N7SpCiq8OzLX.Uc.hYGdDKqEcbGqlZ/LdGdWTdiVKo1FkvC','너바나','서울 강남구 가로수길 5 1','01098766789','ffff1234@naver.com',null,0,null,null);
Insert into MEMBER (USER_ID,USER_PW,USER_NAME,ADDRESS,PHONE,EMAIL,REFRESHTOKEN,SOCIAL_LOGIN,COMPANY_NAME,DELETED_AT) values ('wwww1234','$2a$10$X24LjqJUMLEvyvRDhjaJCOJbIgV.gSOtXDvepg02kGGI4bP/GRRZK','lorde','서울 강남구 가로수길 5 1','01045678977','wwww1234@naver.com',null,0,null,null);
Insert into MEMBER (USER_ID,USER_PW,USER_NAME,ADDRESS,PHONE,EMAIL,REFRESHTOKEN,SOCIAL_LOGIN,COMPANY_NAME,DELETED_AT) values ('eeee1234','$2a$10$L7WYUGawNDQb6iuIk5nrru6LfdBd2KAtMh1ImjEbigWbeTcKzq3DO','헨드릭스','서울 강남구 가로수길 5 1','01011223341','eeee1234@naver.com',null,0,null,null);
Insert into MEMBER (USER_ID,USER_PW,USER_NAME,ADDRESS,PHONE,EMAIL,REFRESHTOKEN,SOCIAL_LOGIN,COMPANY_NAME,DELETED_AT) values ('kakao_2976986499','$2a$10$8liyURWrYjL0py0y44i56.yObV700tc3CH0lbIeRP6OqPqTLmwnv2','kakao_진리',null,null,'ar971004_1@hanmail.net',null,1,null,null);
Insert into MEMBER (USER_ID,USER_PW,USER_NAME,ADDRESS,PHONE,EMAIL,REFRESHTOKEN,SOCIAL_LOGIN,COMPANY_NAME,DELETED_AT) values ('abcd1234','$2a$10$JvqTn2bP4aCCAemH7ytMauMLg6G6o/I23kz16MLJaRfT1KSstHhEm','radiohead','서울 강남구 가로수길 5 주소1','01012345678','ar971004@naver.com',null,0,'JAM Inc.',null);
Insert into MEMBER (USER_ID,USER_PW,USER_NAME,ADDRESS,PHONE,EMAIL,REFRESHTOKEN,SOCIAL_LOGIN,COMPANY_NAME,DELETED_AT) values ('naver_FRDnRcIec1pktu_ajUG4yWxd28eynOpck9_XRAIbqcs','$2a$10$cR1ftCQtBpHT1GA/7fa7MOHlTu4VL8kO3frtFzy4bRf0zKPfouyJK','naver_이진리',null,null,'ar971004@naver.com',null,1,null,null);
Insert into MEMBER (USER_ID,USER_PW,USER_NAME,ADDRESS,PHONE,EMAIL,REFRESHTOKEN,SOCIAL_LOGIN,COMPANY_NAME,DELETED_AT) values ('asdf1234','$2a$10$BzO4VOx9GrakIKqrxW8QT.CNqQcK3Dh6uRA2vUBXKNJIm1yLOmdpa','asdf1234','서울 강남구 가로수길 5 1','01011112222','xswxsw970@gmail.com','eyJhbGciOiJIUzI1NiJ9.eyJhdXRvTG9naW4iOmZhbHNlLCJsb2dpblR5cGUiOiJsb2NhbCIsImp0aSI6IjNkODMyZGJmLTZkZTktNDZmYS04YjNiLWE3M2FjNDQxMjhkYiIsImV4cCI6MTc2ODg1OTg3NH0.HM66M8Fa8Y_0RYMNG4MrSw6gyQZBkTjiw3JDq5AveZA',0,null,null);
Insert into MEMBER (USER_ID,USER_PW,USER_NAME,ADDRESS,PHONE,EMAIL,REFRESHTOKEN,SOCIAL_LOGIN,COMPANY_NAME,DELETED_AT) values ('dddd1234','$2a$10$mIaETTRjHuuTS3EYHtv1bOhNkWi51RC3xEGIX/8LdsBoyX0QahyEG','blur','서울 강남구 가로수길 5 1','01098769876','blur@naver.com',null,0,null,null);
Insert into MEMBER (USER_ID,USER_PW,USER_NAME,ADDRESS,PHONE,EMAIL,REFRESHTOKEN,SOCIAL_LOGIN,COMPANY_NAME,DELETED_AT) values ('qqqq1234','$2a$10$NckrUC3CmDo01GK3q4uM0uoPOnOIoz149RTe7T8ZDK2emX54Rfnwa','beatles','서울 강남구 가로수길 5 1','01045674567','qqqq1234@naver.com',null,0,null,null);
Insert into MEMBER (USER_ID,USER_PW,USER_NAME,ADDRESS,PHONE,EMAIL,REFRESHTOKEN,SOCIAL_LOGIN,COMPANY_NAME,DELETED_AT) values ('company1','$2a$10$LiFR58wLYEAiKcab3gSS6u8Y/.IlrQhEMv/LpeJQXXF5et22VJtyK','JamStudio','서울 강남구 가로수길 5 1','01011112223','JamStudio@naver.com',null,0,'JAM Inc.',null);
Insert into MEMBER (USER_ID,USER_PW,USER_NAME,ADDRESS,PHONE,EMAIL,REFRESHTOKEN,SOCIAL_LOGIN,COMPANY_NAME,DELETED_AT) values ('aaaa1234','$2a$10$QUsC3it6rCPfmInCjMySSObX4U3PhyVpVPvpWVy5Q6g.o5fADFI72','콜드플레이','서울 강남구 가로수길 5 1','0101111222','coldplay@naver.com',null,0,'(주)비트메이커스',null);
Insert into MEMBER (USER_ID,USER_PW,USER_NAME,ADDRESS,PHONE,EMAIL,REFRESHTOKEN,SOCIAL_LOGIN,COMPANY_NAME,DELETED_AT) values ('ssss1234','$2a$10$zKciHPG4MPw0XUfimKx9HeODE5Gs1Tl9gO9i8zHsdob5Zv8ArR9uq','oasis','서울 강남구 가로수길 5 1','01098765432','ssss1234@naver.com','p3w95aR1013/B+gkOP6EUY6r3zvaNq2dBgpG4kEoGug=',0,null,null);
Insert into MEMBER (USER_ID,USER_PW,USER_NAME,ADDRESS,PHONE,EMAIL,REFRESHTOKEN,SOCIAL_LOGIN,COMPANY_NAME,DELETED_AT) values ('rrrr1234','$2a$10$ggyz0GpP8mLpSPYnbj3iyex.z0M2ic6R2TXEQkVzOSu0d9SjJY.YK','머라이어캐리','서울 강남구 가로수길 5 1','01011225888','rrrr1234@naver.com',null,0,null,null);
REM INSERTING into MEMBER_ROLE
SET DEFINE OFF;
Insert into MEMBER_ROLE (USER_ID,ROLE_CODE) values ('aaaa1234','ROLE_COMPANY');
Insert into MEMBER_ROLE (USER_ID,ROLE_CODE) values ('aaaa1234','ROLE_USER');
Insert into MEMBER_ROLE (USER_ID,ROLE_CODE) values ('abcd1234','ROLE_COMPANY');
Insert into MEMBER_ROLE (USER_ID,ROLE_CODE) values ('abcd1234','ROLE_USER');
Insert into MEMBER_ROLE (USER_ID,ROLE_CODE) values ('admin1234','ROLE_ADMIN');
Insert into MEMBER_ROLE (USER_ID,ROLE_CODE) values ('admin1234','ROLE_USER');
Insert into MEMBER_ROLE (USER_ID,ROLE_CODE) values ('asdf1234','ROLE_USER');
Insert into MEMBER_ROLE (USER_ID,ROLE_CODE) values ('company1','ROLE_COMPANY');
Insert into MEMBER_ROLE (USER_ID,ROLE_CODE) values ('company1','ROLE_USER');
Insert into MEMBER_ROLE (USER_ID,ROLE_CODE) values ('dddd1234','ROLE_USER');
Insert into MEMBER_ROLE (USER_ID,ROLE_CODE) values ('eeee1234','ROLE_USER');
Insert into MEMBER_ROLE (USER_ID,ROLE_CODE) values ('ffff1234','ROLE_USER');
Insert into MEMBER_ROLE (USER_ID,ROLE_CODE) values ('kakao_2976986499','ROLE_USER');
Insert into MEMBER_ROLE (USER_ID,ROLE_CODE) values ('member123','ROLE_USER');
Insert into MEMBER_ROLE (USER_ID,ROLE_CODE) values ('naver_FRDnRcIec1pktu_ajUG4yWxd28eynOpck9_XRAIbqcs','ROLE_USER');
Insert into MEMBER_ROLE (USER_ID,ROLE_CODE) values ('qqqq1234','ROLE_USER');
Insert into MEMBER_ROLE (USER_ID,ROLE_CODE) values ('rrrr1234','ROLE_USER');
Insert into MEMBER_ROLE (USER_ID,ROLE_CODE) values ('ssss1234','ROLE_USER');
Insert into MEMBER_ROLE (USER_ID,ROLE_CODE) values ('wwww1234','ROLE_USER');
REM INSERTING into ROLE
SET DEFINE OFF;
INSERT INTO role (role_code, display_name) VALUES ('ROLE_USER', '개인회원');
INSERT INTO role (role_code, display_name) VALUES ('ROLE_COMPANY', '기업회원');
INSERT INTO role (role_code, display_name) VALUES ('ROLE_ADMIN', '관리자');
--------------------------------------------------------
--  Constraints for Table CHAT_ROOM
--------------------------------------------------------

  ALTER TABLE "CHAT_ROOM" MODIFY ("USER_PAIR_KEY" NOT NULL ENABLE);
  ALTER TABLE "CHAT_ROOM" MODIFY ("CREATED_AT" NOT NULL ENABLE);
  ALTER TABLE "CHAT_ROOM" ADD PRIMARY KEY ("ROOM_ID")
  USING INDEX PCTFREE 10 INITRANS 2 MAXTRANS 255 COMPUTE STATISTICS 
  STORAGE(INITIAL 65536 NEXT 1048576 MINEXTENTS 1 MAXEXTENTS 2147483645
  PCTINCREASE 0 FREELISTS 1 FREELIST GROUPS 1
  BUFFER_POOL DEFAULT FLASH_CACHE DEFAULT CELL_FLASH_CACHE DEFAULT)
  TABLESPACE "USERS"  ENABLE;
  ALTER TABLE "CHAT_ROOM" ADD UNIQUE ("USER_PAIR_KEY")
  USING INDEX PCTFREE 10 INITRANS 2 MAXTRANS 255 COMPUTE STATISTICS 
  STORAGE(INITIAL 65536 NEXT 1048576 MINEXTENTS 1 MAXEXTENTS 2147483645
  PCTINCREASE 0 FREELISTS 1 FREELIST GROUPS 1
  BUFFER_POOL DEFAULT FLASH_CACHE DEFAULT CELL_FLASH_CACHE DEFAULT)
  TABLESPACE "USERS"  ENABLE;
--------------------------------------------------------
--  Constraints for Table COMMUNITY
--------------------------------------------------------

  ALTER TABLE "COMMUNITY" MODIFY ("TITLE" NOT NULL ENABLE);
  -- ALTER TABLE "COMMUNITY" MODIFY ("CONTENT" NOT NULL ENABLE);
  ALTER TABLE "COMMUNITY" MODIFY ("VIEW_COUNT" NOT NULL ENABLE);
  ALTER TABLE "COMMUNITY" MODIFY ("COMMENT_COUNT" NOT NULL ENABLE);
  ALTER TABLE "COMMUNITY" MODIFY ("CREATED_AT" NOT NULL ENABLE);
  ALTER TABLE "COMMUNITY" MODIFY ("USER_ID" NOT NULL ENABLE);
  ALTER TABLE "COMMUNITY" ADD PRIMARY KEY ("POST_ID")
  USING INDEX PCTFREE 10 INITRANS 2 MAXTRANS 255 COMPUTE STATISTICS 
  STORAGE(INITIAL 65536 NEXT 1048576 MINEXTENTS 1 MAXEXTENTS 2147483645
  PCTINCREASE 0 FREELISTS 1 FREELIST GROUPS 1
  BUFFER_POOL DEFAULT FLASH_CACHE DEFAULT CELL_FLASH_CACHE DEFAULT)
  TABLESPACE "USERS"  ENABLE;
--------------------------------------------------------
--  Constraints for Table JOB
--------------------------------------------------------

  ALTER TABLE "JOB" MODIFY ("TITLE" NOT NULL ENABLE);
-- ALTER TABLE "JOB" MODIFY ("CONTENT" NOT NULL ENABLE);
  ALTER TABLE "JOB" MODIFY ("CATEGORY" NOT NULL ENABLE);
  ALTER TABLE "JOB" MODIFY ("STATUS" NOT NULL ENABLE);
  ALTER TABLE "JOB" MODIFY ("VIEW_COUNT" NOT NULL ENABLE);
  ALTER TABLE "JOB" MODIFY ("CREATED_AT" NOT NULL ENABLE);
  ALTER TABLE "JOB" MODIFY ("USER_ID" NOT NULL ENABLE);
  ALTER TABLE "JOB" MODIFY ("CITY" NOT NULL ENABLE);
  ALTER TABLE "JOB" ADD CONSTRAINT "CHK_JOB_CATEGORY" CHECK (category IN (0,1)) ENABLE;
  ALTER TABLE "JOB" ADD CONSTRAINT "CHK_JOB_STATUS" CHECK (status IN (0,1)) ENABLE;
  ALTER TABLE "JOB" ADD CONSTRAINT "CHK_JOB_PAY_CATEGORY" CHECK (pay_category IN (0, 1, 2, 3, 4, 5)) ENABLE;
  ALTER TABLE "JOB" ADD PRIMARY KEY ("POST_ID")
  USING INDEX PCTFREE 10 INITRANS 2 MAXTRANS 255 COMPUTE STATISTICS 
  STORAGE(INITIAL 65536 NEXT 1048576 MINEXTENTS 1 MAXEXTENTS 2147483645
  PCTINCREASE 0 FREELISTS 1 FREELIST GROUPS 1
  BUFFER_POOL DEFAULT FLASH_CACHE DEFAULT CELL_FLASH_CACHE DEFAULT)
  TABLESPACE "USERS"  ENABLE;
  ALTER TABLE "JOB" MODIFY ("POSITION" NOT NULL ENABLE);
  ALTER TABLE "JOB" ADD CONSTRAINT "CHK_JOB_POSITION" CHECK (position IN (
    'vocal','piano','guitar','bass','drum',
    'midi','lyrics','chorus','brass','string'
)) ENABLE;
--------------------------------------------------------
--  Constraints for Table FLEA_CATEGORY
--------------------------------------------------------

  ALTER TABLE "FLEA_CATEGORY" MODIFY ("CATEGORY_NAME" NOT NULL ENABLE);
  ALTER TABLE "FLEA_CATEGORY" ADD PRIMARY KEY ("CATEGORY_ID")
  USING INDEX PCTFREE 10 INITRANS 2 MAXTRANS 255 COMPUTE STATISTICS 
  STORAGE(INITIAL 65536 NEXT 1048576 MINEXTENTS 1 MAXEXTENTS 2147483645
  PCTINCREASE 0 FREELISTS 1 FREELIST GROUPS 1
  BUFFER_POOL DEFAULT FLASH_CACHE DEFAULT CELL_FLASH_CACHE DEFAULT)
  TABLESPACE "USERS"  ENABLE;
--------------------------------------------------------
--  Constraints for Table MEMBER_ROLE
--------------------------------------------------------

  ALTER TABLE "MEMBER_ROLE" MODIFY ("USER_ID" NOT NULL ENABLE);
  ALTER TABLE "MEMBER_ROLE" MODIFY ("ROLE_CODE" NOT NULL ENABLE);
  ALTER TABLE "MEMBER_ROLE" ADD PRIMARY KEY ("USER_ID", "ROLE_CODE")
  USING INDEX PCTFREE 10 INITRANS 2 MAXTRANS 255 COMPUTE STATISTICS 
  STORAGE(INITIAL 65536 NEXT 1048576 MINEXTENTS 1 MAXEXTENTS 2147483645
  PCTINCREASE 0 FREELISTS 1 FREELIST GROUPS 1
  BUFFER_POOL DEFAULT FLASH_CACHE DEFAULT CELL_FLASH_CACHE DEFAULT)
  TABLESPACE "USERS"  ENABLE;
--------------------------------------------------------
--  Constraints for Table FAVORITE
--------------------------------------------------------

  ALTER TABLE "FAVORITE" MODIFY ("USER_ID" NOT NULL ENABLE);
  ALTER TABLE "FAVORITE" MODIFY ("POST_ID" NOT NULL ENABLE);
  ALTER TABLE "FAVORITE" MODIFY ("CREATED_AT" NOT NULL ENABLE);
  ALTER TABLE "FAVORITE" ADD CHECK (board_type IN ('COM', 'FLEA', 'JOB', 'ROOM')) ENABLE;
  ALTER TABLE "FAVORITE" ADD PRIMARY KEY ("FAVORITE_ID")
  USING INDEX PCTFREE 10 INITRANS 2 MAXTRANS 255 COMPUTE STATISTICS 
  STORAGE(INITIAL 65536 NEXT 1048576 MINEXTENTS 1 MAXEXTENTS 2147483645
  PCTINCREASE 0 FREELISTS 1 FREELIST GROUPS 1
  BUFFER_POOL DEFAULT FLASH_CACHE DEFAULT CELL_FLASH_CACHE DEFAULT)
  TABLESPACE "USERS"  ENABLE;
  ALTER TABLE "FAVORITE" ADD CONSTRAINT "UNIQUE_FAVORITE" UNIQUE ("USER_ID", "BOARD_TYPE", "POST_ID")
  USING INDEX PCTFREE 10 INITRANS 2 MAXTRANS 255 COMPUTE STATISTICS 
  STORAGE(INITIAL 65536 NEXT 1048576 MINEXTENTS 1 MAXEXTENTS 2147483645
  PCTINCREASE 0 FREELISTS 1 FREELIST GROUPS 1
  BUFFER_POOL DEFAULT FLASH_CACHE DEFAULT CELL_FLASH_CACHE DEFAULT)
  TABLESPACE "USERS"  ENABLE;
--------------------------------------------------------
--  Constraints for Table FILE_ASSET
--------------------------------------------------------

  ALTER TABLE "FILE_ASSET" MODIFY ("POST_ID" NOT NULL ENABLE);
  ALTER TABLE "FILE_ASSET" MODIFY ("POST_TYPE" NOT NULL ENABLE);
  ALTER TABLE "FILE_ASSET" MODIFY ("FILE_KEY" NOT NULL ENABLE);
  ALTER TABLE "FILE_ASSET" MODIFY ("FILE_NAME" NOT NULL ENABLE);
  ALTER TABLE "FILE_ASSET" MODIFY ("FILE_TYPE" NOT NULL ENABLE);
  ALTER TABLE "FILE_ASSET" MODIFY ("FILE_SIZE" NOT NULL ENABLE);
  ALTER TABLE "FILE_ASSET" MODIFY ("CREATED_AT" NOT NULL ENABLE);
  ALTER TABLE "FILE_ASSET" ADD PRIMARY KEY ("FILE_ID")
  USING INDEX PCTFREE 10 INITRANS 2 MAXTRANS 255 COMPUTE STATISTICS 
  STORAGE(INITIAL 65536 NEXT 1048576 MINEXTENTS 1 MAXEXTENTS 2147483645
  PCTINCREASE 0 FREELISTS 1 FREELIST GROUPS 1
  BUFFER_POOL DEFAULT FLASH_CACHE DEFAULT CELL_FLASH_CACHE DEFAULT)
  TABLESPACE "USERS"  ENABLE;
--------------------------------------------------------
--  Constraints for Table ROLE
--------------------------------------------------------

  ALTER TABLE "ROLE" ADD PRIMARY KEY ("ROLE_CODE")
  USING INDEX PCTFREE 10 INITRANS 2 MAXTRANS 255 COMPUTE STATISTICS 
  STORAGE(INITIAL 65536 NEXT 1048576 MINEXTENTS 1 MAXEXTENTS 2147483645
  PCTINCREASE 0 FREELISTS 1 FREELIST GROUPS 1
  BUFFER_POOL DEFAULT FLASH_CACHE DEFAULT CELL_FLASH_CACHE DEFAULT)
  TABLESPACE "USERS"  ENABLE;
--------------------------------------------------------
--  Constraints for Table CHAT_MESSAGE
--------------------------------------------------------

  ALTER TABLE "CHAT_MESSAGE" MODIFY ("ROOM_ID" NOT NULL ENABLE);
  ALTER TABLE "CHAT_MESSAGE" MODIFY ("SENDER_ID" NOT NULL ENABLE);
  ALTER TABLE "CHAT_MESSAGE" MODIFY ("MESSAGE" NOT NULL ENABLE);
  ALTER TABLE "CHAT_MESSAGE" MODIFY ("SENT_AT" NOT NULL ENABLE);
  ALTER TABLE "CHAT_MESSAGE" ADD PRIMARY KEY ("MESSAGE_ID")
  USING INDEX PCTFREE 10 INITRANS 2 MAXTRANS 255 COMPUTE STATISTICS 
  STORAGE(INITIAL 65536 NEXT 1048576 MINEXTENTS 1 MAXEXTENTS 2147483645
  PCTINCREASE 0 FREELISTS 1 FREELIST GROUPS 1
  BUFFER_POOL DEFAULT FLASH_CACHE DEFAULT CELL_FLASH_CACHE DEFAULT)
  TABLESPACE "USERS"  ENABLE;
--------------------------------------------------------
--  Constraints for Table IMAGE_FILE
--------------------------------------------------------

  ALTER TABLE "IMAGE_FILE" MODIFY ("IMAGE_NAME" NOT NULL ENABLE);
  ALTER TABLE "IMAGE_FILE" MODIFY ("CREATED_AT" NOT NULL ENABLE);
  ALTER TABLE "IMAGE_FILE" MODIFY ("POST_ID" NOT NULL ENABLE);
  ALTER TABLE "IMAGE_FILE" MODIFY ("POST_TYPE" NOT NULL ENABLE);
  ALTER TABLE "IMAGE_FILE" ADD CHECK (post_type IN ('FLEA', 'JOB', 'ROOM')) ENABLE;
  ALTER TABLE "IMAGE_FILE" ADD PRIMARY KEY ("IMAGE_ID")
  USING INDEX PCTFREE 10 INITRANS 2 MAXTRANS 255 COMPUTE STATISTICS 
  STORAGE(INITIAL 65536 NEXT 1048576 MINEXTENTS 1 MAXEXTENTS 2147483645
  PCTINCREASE 0 FREELISTS 1 FREELIST GROUPS 1
  BUFFER_POOL DEFAULT FLASH_CACHE DEFAULT CELL_FLASH_CACHE DEFAULT)
  TABLESPACE "USERS"  ENABLE;
--------------------------------------------------------
--  Constraints for Table CHAT_ROOM_USER
--------------------------------------------------------

  ALTER TABLE "CHAT_ROOM_USER" MODIFY ("ROOM_ID" NOT NULL ENABLE);
  ALTER TABLE "CHAT_ROOM_USER" MODIFY ("USER_ID" NOT NULL ENABLE);
  ALTER TABLE "CHAT_ROOM_USER" MODIFY ("JOINED_AT" NOT NULL ENABLE);
  ALTER TABLE "CHAT_ROOM_USER" ADD CONSTRAINT "PK_CHAT_ROOM_USER" PRIMARY KEY ("ROOM_ID", "USER_ID")
  USING INDEX PCTFREE 10 INITRANS 2 MAXTRANS 255 COMPUTE STATISTICS 
  STORAGE(INITIAL 65536 NEXT 1048576 MINEXTENTS 1 MAXEXTENTS 2147483645
  PCTINCREASE 0 FREELISTS 1 FREELIST GROUPS 1
  BUFFER_POOL DEFAULT FLASH_CACHE DEFAULT CELL_FLASH_CACHE DEFAULT)
  TABLESPACE "USERS"  ENABLE;
--------------------------------------------------------
--  Constraints for Table FLEAMARKET
--------------------------------------------------------

  ALTER TABLE "FLEAMARKET" MODIFY ("TITLE" NOT NULL ENABLE);
  -- ALTER TABLE "FLEAMARKET" MODIFY ("CONTENT" NOT NULL ENABLE);
  ALTER TABLE "FLEAMARKET" MODIFY ("CATEGORY_ID" NOT NULL ENABLE);
  ALTER TABLE "FLEAMARKET" MODIFY ("SALES_STATUS" NOT NULL ENABLE);
  ALTER TABLE "FLEAMARKET" MODIFY ("VIEW_COUNT" NOT NULL ENABLE);
  ALTER TABLE "FLEAMARKET" MODIFY ("COMMENT_COUNT" NOT NULL ENABLE);
  ALTER TABLE "FLEAMARKET" MODIFY ("CREATED_AT" NOT NULL ENABLE);
  ALTER TABLE "FLEAMARKET" MODIFY ("PRICE" NOT NULL ENABLE);
  ALTER TABLE "FLEAMARKET" MODIFY ("USER_ID" NOT NULL ENABLE);
  ALTER TABLE "FLEAMARKET" ADD CONSTRAINT "CHK_FLEA_SALES_STATUS" CHECK (sales_status IN (0,1)) ENABLE;
  ALTER TABLE "FLEAMARKET" ADD PRIMARY KEY ("POST_ID")
  USING INDEX PCTFREE 10 INITRANS 2 MAXTRANS 255 COMPUTE STATISTICS 
  STORAGE(INITIAL 65536 NEXT 1048576 MINEXTENTS 1 MAXEXTENTS 2147483645
  PCTINCREASE 0 FREELISTS 1 FREELIST GROUPS 1
  BUFFER_POOL DEFAULT FLASH_CACHE DEFAULT CELL_FLASH_CACHE DEFAULT)
  TABLESPACE "USERS"  ENABLE;
--------------------------------------------------------
--  Constraints for Table MEMBER
--------------------------------------------------------

  ALTER TABLE "MEMBER" MODIFY ("USER_PW" NOT NULL ENABLE);
  ALTER TABLE "MEMBER" MODIFY ("USER_NAME" NOT NULL ENABLE);
  ALTER TABLE "MEMBER" ADD PRIMARY KEY ("USER_ID")
  USING INDEX PCTFREE 10 INITRANS 2 MAXTRANS 255 COMPUTE STATISTICS 
  STORAGE(INITIAL 65536 NEXT 1048576 MINEXTENTS 1 MAXEXTENTS 2147483645
  PCTINCREASE 0 FREELISTS 1 FREELIST GROUPS 1
  BUFFER_POOL DEFAULT FLASH_CACHE DEFAULT CELL_FLASH_CACHE DEFAULT)
  TABLESPACE "USERS"  ENABLE;
  ALTER TABLE "MEMBER" ADD UNIQUE ("USER_NAME")
  USING INDEX PCTFREE 10 INITRANS 2 MAXTRANS 255 COMPUTE STATISTICS 
  STORAGE(INITIAL 65536 NEXT 1048576 MINEXTENTS 1 MAXEXTENTS 2147483645
  PCTINCREASE 0 FREELISTS 1 FREELIST GROUPS 1
  BUFFER_POOL DEFAULT FLASH_CACHE DEFAULT CELL_FLASH_CACHE DEFAULT)
  TABLESPACE "USERS"  ENABLE;
  ALTER TABLE "MEMBER" ADD UNIQUE ("PHONE")
  USING INDEX PCTFREE 10 INITRANS 2 MAXTRANS 255 COMPUTE STATISTICS 
  STORAGE(INITIAL 65536 NEXT 1048576 MINEXTENTS 1 MAXEXTENTS 2147483645
  PCTINCREASE 0 FREELISTS 1 FREELIST GROUPS 1
  BUFFER_POOL DEFAULT FLASH_CACHE DEFAULT CELL_FLASH_CACHE DEFAULT)
  TABLESPACE "USERS"  ENABLE;
  ALTER TABLE "MEMBER" ADD CONSTRAINT "UQ_MEMBER_EMAIL_LOGIN_TYPE" UNIQUE ("EMAIL", "SOCIAL_LOGIN")
  USING INDEX PCTFREE 10 INITRANS 2 MAXTRANS 255 COMPUTE STATISTICS 
  STORAGE(INITIAL 65536 NEXT 1048576 MINEXTENTS 1 MAXEXTENTS 2147483645
  PCTINCREASE 0 FREELISTS 1 FREELIST GROUPS 1
  BUFFER_POOL DEFAULT FLASH_CACHE DEFAULT CELL_FLASH_CACHE DEFAULT)
  TABLESPACE "USERS"  ENABLE;
--------------------------------------------------------
--  Constraints for Table APPLICATION
--------------------------------------------------------

  ALTER TABLE "APPLICATION" MODIFY ("USER_ID" NOT NULL ENABLE);
  ALTER TABLE "APPLICATION" MODIFY ("POST_ID" NOT NULL ENABLE);
  ALTER TABLE "APPLICATION" MODIFY ("TITLE" NOT NULL ENABLE);
  ALTER TABLE "APPLICATION" MODIFY ("CREATED_AT" NOT NULL ENABLE);
  ALTER TABLE "APPLICATION" MODIFY ("COMPANY_USER_ID" NOT NULL ENABLE);
  ALTER TABLE "APPLICATION" ADD PRIMARY KEY ("APPLICATION_ID")
  USING INDEX PCTFREE 10 INITRANS 2 MAXTRANS 255 COMPUTE STATISTICS 
  STORAGE(INITIAL 65536 NEXT 1048576 MINEXTENTS 1 MAXEXTENTS 2147483645
  PCTINCREASE 0 FREELISTS 1 FREELIST GROUPS 1
  BUFFER_POOL DEFAULT FLASH_CACHE DEFAULT CELL_FLASH_CACHE DEFAULT)
  TABLESPACE "USERS"  ENABLE;
  ALTER TABLE "APPLICATION" ADD CONSTRAINT "UQ_APPLICATION_USER_POST" UNIQUE ("USER_ID", "POST_ID")
  USING INDEX PCTFREE 10 INITRANS 2 MAXTRANS 255 COMPUTE STATISTICS 
  STORAGE(INITIAL 65536 NEXT 1048576 MINEXTENTS 1 MAXEXTENTS 2147483645
  PCTINCREASE 0 FREELISTS 1 FREELIST GROUPS 1
  BUFFER_POOL DEFAULT FLASH_CACHE DEFAULT CELL_FLASH_CACHE DEFAULT)
  TABLESPACE "USERS"  ENABLE;
--------------------------------------------------------
--  Constraints for Table COM_COMMENT
--------------------------------------------------------

  ALTER TABLE "COM_COMMENT" MODIFY ("POST_ID" NOT NULL ENABLE);
  -- ALTER TABLE "COM_COMMENT" MODIFY ("CONTENT" NOT NULL ENABLE);
  ALTER TABLE "COM_COMMENT" MODIFY ("CREATED_AT" NOT NULL ENABLE);
  ALTER TABLE "COM_COMMENT" MODIFY ("USER_ID" NOT NULL ENABLE);
  ALTER TABLE "COM_COMMENT" ADD PRIMARY KEY ("COMMENT_ID")
  USING INDEX PCTFREE 10 INITRANS 2 MAXTRANS 255 COMPUTE STATISTICS 
  STORAGE(INITIAL 65536 NEXT 1048576 MINEXTENTS 1 MAXEXTENTS 2147483645
  PCTINCREASE 0 FREELISTS 1 FREELIST GROUPS 1
  BUFFER_POOL DEFAULT FLASH_CACHE DEFAULT CELL_FLASH_CACHE DEFAULT)
  TABLESPACE "USERS"  ENABLE;
--------------------------------------------------------
--  Ref Constraints for Table APPLICATION
--------------------------------------------------------

  ALTER TABLE "APPLICATION" ADD CONSTRAINT "FK_APPLICATION_JOB" FOREIGN KEY ("POST_ID")
	  REFERENCES "JOB" ("POST_ID") ON DELETE CASCADE ENABLE;
  ALTER TABLE "APPLICATION" ADD CONSTRAINT "FK_APPLICATION_USER_ID" FOREIGN KEY ("USER_ID")
	  REFERENCES "MEMBER" ("USER_ID") ON DELETE CASCADE ENABLE;
  ALTER TABLE "APPLICATION" ADD CONSTRAINT "FK_APPLICATION_COMPANY_USER_ID" FOREIGN KEY ("COMPANY_USER_ID")
	  REFERENCES "MEMBER" ("USER_ID") ON DELETE CASCADE ENABLE;
--------------------------------------------------------
--  Ref Constraints for Table CHAT_MESSAGE
--------------------------------------------------------

  ALTER TABLE "CHAT_MESSAGE" ADD CONSTRAINT "FK_CHAT_MESSAGE_CHAT_ROOM" FOREIGN KEY ("ROOM_ID")
	  REFERENCES "CHAT_ROOM" ("ROOM_ID") ON DELETE CASCADE ENABLE;
  ALTER TABLE "CHAT_MESSAGE" ADD CONSTRAINT "FK_CHAT_MESSAGE_MEMBER" FOREIGN KEY ("SENDER_ID")
	  REFERENCES "MEMBER" ("USER_ID") ENABLE;
--------------------------------------------------------
--  Ref Constraints for Table CHAT_ROOM_USER
--------------------------------------------------------

  ALTER TABLE "CHAT_ROOM_USER" ADD CONSTRAINT "FK_CHAT_ROOM_USER_CHAT_ROOM" FOREIGN KEY ("ROOM_ID")
	  REFERENCES "CHAT_ROOM" ("ROOM_ID") ON DELETE CASCADE ENABLE;
  ALTER TABLE "CHAT_ROOM_USER" ADD CONSTRAINT "FK_CHAT_ROOM_USER_MEMBER" FOREIGN KEY ("USER_ID")
	  REFERENCES "MEMBER" ("USER_ID") ENABLE;
--------------------------------------------------------
--  Ref Constraints for Table COMMUNITY
--------------------------------------------------------

  ALTER TABLE "COMMUNITY" ADD CONSTRAINT "FK_COM_MEMBER" FOREIGN KEY ("USER_ID")
	  REFERENCES "MEMBER" ("USER_ID") ON DELETE SET NULL ENABLE;
--------------------------------------------------------
--  Ref Constraints for Table COM_COMMENT
--------------------------------------------------------

  ALTER TABLE "COM_COMMENT" ADD CONSTRAINT "FK_COM_COMMENT_COMMUNITY" FOREIGN KEY ("POST_ID")
	  REFERENCES "COMMUNITY" ("POST_ID") ON DELETE CASCADE ENABLE;
  ALTER TABLE "COM_COMMENT" ADD CONSTRAINT "FK_COM_COMMENT_MEMBER" FOREIGN KEY ("USER_ID")
	  REFERENCES "MEMBER" ("USER_ID") ON DELETE CASCADE ENABLE;
--------------------------------------------------------
--  Ref Constraints for Table FAVORITE
--------------------------------------------------------

  ALTER TABLE "FAVORITE" ADD CONSTRAINT "FK_FAVORITE_MEMBER" FOREIGN KEY ("USER_ID")
	  REFERENCES "MEMBER" ("USER_ID") ON DELETE CASCADE ENABLE;
--------------------------------------------------------
--  Ref Constraints for Table FLEAMARKET
--------------------------------------------------------

  ALTER TABLE "FLEAMARKET" ADD CONSTRAINT "FK_FLEAMARKET_MEMBER" FOREIGN KEY ("USER_ID")
	  REFERENCES "MEMBER" ("USER_ID") ON DELETE CASCADE ENABLE;
  ALTER TABLE "FLEAMARKET" ADD CONSTRAINT "FK_FLEAMARKET_FLEA_CATEGORY" FOREIGN KEY ("CATEGORY_ID")
	  REFERENCES "FLEA_CATEGORY" ("CATEGORY_ID") ENABLE;
--------------------------------------------------------
--  Ref Constraints for Table FLEA_CATEGORY
--------------------------------------------------------

  ALTER TABLE "FLEA_CATEGORY" ADD CONSTRAINT "FK_FLEA_CATEGORY_PARENT" FOREIGN KEY ("PARENT_ID")
	  REFERENCES "FLEA_CATEGORY" ("CATEGORY_ID") ENABLE;
--------------------------------------------------------
--  Ref Constraints for Table JOB
--------------------------------------------------------

  ALTER TABLE "JOB" ADD CONSTRAINT "FK_JOB_MEMBER" FOREIGN KEY ("USER_ID")
	  REFERENCES "MEMBER" ("USER_ID") ON DELETE CASCADE ENABLE;
--------------------------------------------------------
--  Ref Constraints for Table MEMBER_ROLE
--------------------------------------------------------

  ALTER TABLE "MEMBER_ROLE" ADD CONSTRAINT "FK_MEMBER_ROLE_MEMBER" FOREIGN KEY ("USER_ID")
	  REFERENCES "MEMBER" ("USER_ID") ON DELETE CASCADE ENABLE;
  ALTER TABLE "MEMBER_ROLE" ADD CONSTRAINT "FK_MEMBER_ROLE_ROLE" FOREIGN KEY ("ROLE_CODE")
	  REFERENCES "ROLE" ("ROLE_CODE") ENABLE;

COMMIT;